id,goody_id,config_num,unk2,config
5,3,0,-1,"[[11, 0, 0.0], [-1, 0, 0.0], [-1, 0, 0.0], [-1, 0, 0.0], [-1, 0, 0.0], [-1, 0, 0.0]]"
6,4,0,-1,"[[12, 0, 0.0], [-1, 0, 0.0], [-1, 0, 0.0], [-1, 0, 0.0], [-1, 0, 0.0], [-1, 0, 0.0]]"
7,5,0,-1,"[[15, 0, 0.0], [-1, 0, 0.0], [-1, 0, 0.0], [-1, 0, 0.0], [-1, 0, 0.0], [-1, 0, 0.0]]"
8,6,0,-1,"[[16, 0, 0.0], [-1, 0, 0.0], [-1, 0, 0.0], [-1, 0, 0.0], [-1, 0, 0.0], [-1, 0, 0.0]]"
9,7,0,-1,"[[20, 0, 0.0], [-1, 0, 0.0], [-1, 0, 0.0], [-1, 0, 0.0], [-1, 0, 0.0], [-1, 0, 0.0]]"
10,8,0,-1,"[[18, 0, 0.0], [-1, 0, 0.0], [-1, 0, 0.0], [-1, 0, 0.0], [-1, 0, 0.0], [-1, 0, 0.0]]"
11,9,0,-1,"[[17, 0, 0.0], [-1, 0, 0.0], [-1, 0, 0.0], [-1, 0, 0.0], [-1, 0, 0.0], [-1, 0, 0.0]]"
12,10,0,-1,"[[7, 0, 0.0], [7, 1, 0.1], [5, 0, 0.0], [5, 1, 0.1], [3, 0, 0.0], [3, 2, 0.2]]"
13,10,1,-1,"[[2, 0, 0.0], [2, 1, 0.1], [-1, 0, 0.0], [-1, 0, 0.0], [-1, 0, 0.0], [-1, 0, 0.0]]"
14,10,2,-1,"[[2, 0, 0.0], [2, 1, 0.1], [-1, 0, 0.0], [-1, 0, 0.0], [-1, 0, 0.0], [-1, 0, 0.0]]"
15,11,0,-1,"[[3, 0, 0.0], [3, 1, 0.1], [3, 2, 0.2], [5, 0, 0.0], [5, 1, 0.1], [-1, 0, 0.0]]"
16,12,0,-1,"[[3, 0, 0.0], [3, 1, 0.1], [3, 2, 0.2], [5, 0, 0.0], [5, 1, 0.1], [-1, 0, 0.0]]"
17,13,0,-1,"[[3, 0, 0.0], [3, 1, 0.1], [3, 2, 0.2], [5, 0, 0.0], [5, 1, 0.1], [-1, 0, 0.0]]"
18,14,0,-1,"[[3, 0, 0.0], [3, 1, 0.1], [3, 2, 0.2], [5, 0, 0.0], [5, 1, 0.1], [-1, 0, 0.0]]"
19,15,0,-1,"[[3, 0, 0.0], [3, 1, 0.1], [3, 2, 0.2], [5, 0, 0.0], [5, 1, 0.1], [-1, 0, 0.0]]"
20,16,0,-1,"[[3, 0, 0.0], [3, 1, 0.1], [3, 2, 0.2], [5, 0, 0.0], [5, 1, 0.1], [-1, 0, 0.0]]"
21,17,0,-1,"[[3, 0, 0.0], [3, 1, 0.1], [3, 2, 0.2], [5, 0, 0.0], [5, 1, 0.1], [-1, 0, 0.0]]"
22,18,0,-1,"[[3, 0, 0.0], [3, 1, 0.1], [3, 2, 0.2], [-1, 0, 0.0], [-1, 0, 0.0], [-1, 0, 0.0]]"
23,19,0,-1,"[[3, 0, 0.0], [3, 1, 0.1], [3, 2, 0.2], [5, 0, 0.0], [5, 1, 0.1], [-1, 0, 0.0]]"
24,20,0,-1,"[[21, 0, 0.0], [-1, 0, 0.0], [-1, 0, 0.0], [-1, 0, 0.0], [-1, 0, 0.0], [-1, 0, 0.0]]"
25,21,0,-1,"[[3, 0, 0.0], [5, 0, 0.0], [5, 1, 0.1], [7, 0, 0.0], [7, 1, 0.1], [9, 0, 0.0]]"
26,21,1,-1,"[[3, 0, 0.0], [5, 0, 0.0], [5, 1, 0.1], [7, 0, 0.0], [7, 1, 0.1], [-1, 0, 0.0]]"
27,22,0,-1,"[[3, 0, 0.0], [5, 0, 0.0], [5, 1, 0.1], [7, 0, 0.0], [7, 1, 0.1], [9, 0, 0.0]]"
28,22,1,-1,"[[3, 0, 0.0], [5, 0, 0.0], [5, 1, 0.1], [7, 0, 0.0], [7, 1, 0.1], [9, 0, 0.0]]"
29,22,2,-1,"[[3, 0, 0.0], [3, 1, 0.1], [3, 2, 0.2], [5, 0, 0.0], [7, 0, 0.0], [7, 1, 0.1]]"
30,23,0,-1,"[[3, 0, 0.0], [5, 0, 0.0], [5, 1, 0.1], [7, 0, 0.0], [7, 1, 0.1], [9, 0, 0.0]]"
31,23,1,-1,"[[3, 0, 0.0], [5, 0, 0.0], [5, 1, 0.1], [7, 0, 0.0], [7, 1, 0.1], [9, 0, 0.0]]"
32,23,2,-1,"[[3, 0, 0.0], [3, 1, 0.1], [3, 2, 0.2], [5, 0, 0.0], [7, 0, 0.0], [7, 1, 0.1]]"
33,23,3,-1,"[[2, 0, 0.0], [2, 1, 0.1], [-1, 0, 0.0], [-1, 0, 0.0], [-1, 0, 0.0], [-1, 0, 0.0]]"
34,23,4,-1,"[[3, 0, 0.0], [3, 1, 0.1], [3, 2, 0.2], [5, 0, 0.0], [7, 0, 0.0], [7, 1, 0.1]]"
35,24,0,-1,"[[3, 0, 0.0], [5, 0, 0.0], [5, 1, 0.1], [7, 0, 0.0], [7, 1, 0.1], [9, 0, 0.0]]"
36,24,1,-1,"[[3, 0, 0.0], [5, 0, 0.0], [5, 1, 0.1], [7, 0, 0.0], [7, 1, 0.1], [-1, 0, 0.0]]"
37,24,2,-1,"[[2, 0, 0.0], [2, 1, 0.1], [-1, 0, 0.0], [-1, 0, 0.0], [-1, 0, 0.0], [-1, 0, 0.0]]"
38,24,3,-1,"[[3, 0, 0.0], [3, 1, 0.1], [3, 2, 0.2], [5, 0, 0.0], [7, 0, 0.0], [7, 1, 0.1]]"
39,24,4,-1,"[[2, 0, 0.0], [2, 1, 0.1], [-1, 0, 0.0], [-1, 0, 0.0], [-1, 0, 0.0], [-1, 0, 0.0]]"
40,24,5,-1,"[[3, 0, 0.0], [5, 0, 0.0], [5, 1, 0.1], [7, 0, 0.0], [7, 1, 0.1], [-1, 0, 0.0]]"
41,25,0,-1,"[[23, 0, 0.0], [23, 1, 0.1], [23, 2, 0.2], [-1, 0, 0.0], [-1, 0, 0.0], [-1, 0, 0.0]]"
42,25,1,-1,"[[23, 3, 0.30000000000000004], [-1, 0, 0.0], [-1, 0, 0.0], [-1, 0, 0.0], [-1, 0, 0.0], [-1, 0, 0.0]]"
43,26,1,-1,"[[23, 0, 0.0], [23, 1, 0.1], [23, 2, 0.2], [-1, 0, 0.0], [-1, 0, 0.0], [-1, 0, 0.0]]"
44,26,0,-1,"[[23, 0, 0.0], [23, 1, 0.1], [23, 2, 0.2], [-1, 0, 0.0], [-1, 0, 0.0], [-1, 0, 0.0]]"
45,27,0,-1,"[[23, 0, 0.0], [23, 1, 0.1], [23, 2, 0.2], [-1, 0, 0.0], [-1, 0, 0.0], [-1, 0, 0.0]]"
46,27,2,-1,"[[23, 4, 0.4], [-1, 0, 0.0], [-1, 0, 0.0], [-1, 0, 0.0], [-1, 0, 0.0], [-1, 0, 0.0]]"
47,27,1,-1,"[[23, 5, 0.5], [-1, 0, 0.0], [-1, 0, 0.0], [-1, 0, 0.0], [-1, 0, 0.0], [-1, 0, 0.0]]"
48,28,0,-1,"[[23, 0, 0.0], [23, 1, 0.1], [23, 2, 0.2], [-1, 0, 0.0], [-1, 0, 0.0], [-1, 0, 0.0]]"
49,28,2,-1,"[[23, 4, 0.4], [-1, 0, 0.0], [-1, 0, 0.0], [-1, 0, 0.0], [-1, 0, 0.0], [-1, 0, 0.0]]"
50,28,1,-1,"[[23, 5, 0.5], [-1, 0, 0.0], [-1, 0, 0.0], [-1, 0, 0.0], [-1, 0, 0.0], [-1, 0, 0.0]]"
51,28,3,-1,"[[23, 6, 0.6000000000000001], [-1, 0, 0.0], [-1, 0, 0.0], [-1, 0, 0.0], [-1, 0, 0.0], [-1, 0, 0.0]]"
52,29,0,-1,"[[32, 0, 0.0], [3, 1, 1.1], [32, 0, 0.0], [32, 0, 0.0], [-1, 0, 0.0], [-1, 0, 0.0]]"
53,30,0,-1,"[[25, 0, 0.0], [3, 1, 1.1], [25, 0, 0.0], [25, 0, 0.0], [-1, 0, 0.0], [-1, 0, 0.0]]"
54,31,0,-1,"[[29, 0, 0.0], [3, 1, 1.1], [29, 0, 0.0], [29, 0, 0.0], [-1, 0, 0.0], [-1, 0, 0.0]]"
55,32,0,-1,"[[28, 0, 0.0], [3, 1, 1.1], [28, 0, 0.0], [28, 0, 0.0], [-1, 0, 0.0], [-1, 0, 0.0]]"
56,33,0,-1,"[[24, 0, 0.0], [30, 0, 1.0], [3, 1, 2.1], [-1, 0, 0.0], [-1, 0, 0.0], [-1, 0, 0.0]]"
57,34,0,-1,"[[31, 0, 0.0], [-1, 0, 0.0], [-1, 0, 0.0], [-1, 0, 0.0], [-1, 0, 0.0], [-1, 0, 0.0]]"
58,35,0,-1,"[[33, 0, 0.0], [-1, 0, 0.0], [-1, 0, 0.0], [-1, 0, 0.0], [-1, 0, 0.0], [-1, 0, 0.0]]"
59,36,0,-1,"[[34, 0, 0.0], [-1, 0, 0.0], [-1, 0, 0.0], [-1, 0, 0.0], [-1, 0, 0.0], [-1, 0, 0.0]]"
60,37,0,-1,"[[10, 0, 0.0], [-1, 0, 0.0], [-1, 0, 0.0], [-1, 0, 0.0], [-1, 0, 0.0], [-1, 0, 0.0]]"
61,38,0,-1,"[[9, 0, 0.0], [-1, 0, 0.0], [-1, 0, 0.0], [-1, 0, 0.0], [-1, 0, 0.0], [-1, 0, 0.0]]"
62,39,0,-1,"[[9, 0, 0.0], [-1, 0, 0.0], [-1, 0, 0.0], [-1, 0, 0.0], [-1, 0, 0.0], [-1, 0, 0.0]]"
63,40,0,-1,"[[38, 0, 0.0], [-1, 0, 0.0], [-1, 0, 0.0], [-1, 0, 0.0], [-1, 0, 0.0], [-1, 0, 0.0]]"
64,41,0,-1,"[[40, 0, 0.0], [-1, 0, 0.0], [-1, 0, 0.0], [-1, 0, 0.0], [-1, 0, 0.0], [-1, 0, 0.0]]"
65,42,0,-1,"[[37, 0, 0.0], [37, 1, 1.1], [-1, 0, 0.0], [-1, 0, 0.0], [-1, 0, 0.0], [-1, 0, 0.0]]"
66,98,0,-1,"[[3, 0, 0.0], [-1, 0, 0.0], [-1, 0, 0.0], [-1, 0, 0.0], [-1, 0, 0.0], [-1, 0, 0.0]]"
67,1,0,-1,"[[3, 0, 0.0], [-1, 0, 0.0], [-1, 0, 0.0], [-1, 0, 0.0], [-1, 0, 0.0], [-1, 0, 0.0]]"
68,2,0,-1,"[[3, 0, 0.0], [-1, 0, 0.0], [-1, 0, 0.0], [-1, 0, 0.0], [-1, 0, 0.0], [-1, 0, 0.0]]"
69,96,0,-1,"[[3, 0, 0.0], [-1, 0, 0.0], [-1, 0, 0.0], [-1, 0, 0.0], [-1, 0, 0.0], [-1, 0, 0.0]]"
70,43,0,-1,"[[41, 0, 0.0], [41, 1, 0.1], [41, 2, 0.2], [-1, 0, 0.0], [-1, 0, 0.0], [-1, 0, 0.0]]"
71,43,1,-1,"[[41, 0, 0.0], [41, 1, 0.1], [41, 3, 0.30000000000000004], [-1, 0, 0.0], [-1, 0, 0.0], [-1, 0, 0.0]]"
72,43,2,-1,"[[41, 4, 0.4], [-1, 0, 0.0], [-1, 0, 0.0], [-1, 0, 0.0], [-1, 0, 0.0], [-1, 0, 0.0]]"
73,44,0,-1,"[[3, 0, 0.0], [3, 1, 0.1], [3, 2, 0.2], [5, 0, 0.0], [5, 1, 0.1], [-1, 0, 0.0]]"
74,45,0,-1,"[[3, 0, 0.0], [3, 1, 0.1], [3, 2, 0.2], [5, 0, 0.0], [5, 1, 0.1], [-1, 0, 0.0]]"
75,46,0,-1,"[[16, 0, 0.0], [-1, 0, 0.0], [-1, 0, 0.0], [-1, 0, 0.0], [-1, 0, 0.0], [-1, 0, 0.0]]"
76,47,0,-1,"[[3, 0, 0.0], [3, 1, 0.1], [3, 2, 0.2], [5, 0, 0.0], [5, 1, 0.1], [-1, 0, 0.0]]"
77,47,1,-1,"[[3, 0, 0.0], [3, 1, 0.1], [3, 2, 0.2], [5, 0, 0.0], [5, 1, 0.1], [-1, 0, 0.0]]"
78,48,0,-1,"[[42, 0, 0.0], [42, 1, 0.1], [42, 2, 0.2], [-1, 0, 0.0], [-1, 0, 0.0], [-1, 0, 0.0]]"
79,49,0,-1,"[[42, 0, 0.0], [42, 1, 0.1], [42, 2, 0.2], [-1, 0, 0.0], [-1, 0, 0.0], [-1, 0, 0.0]]"
80,50,0,-1,"[[42, 0, 0.0], [42, 1, 0.1], [42, 2, 0.2], [-1, 0, 0.0], [-1, 0, 0.0], [-1, 0, 0.0]]"
81,51,0,-1,"[[11, 0, 0.0], [-1, 0, 0.0], [-1, 0, 0.0], [-1, 0, 0.0], [-1, 0, 0.0], [-1, 0, 0.0]]"
82,52,0,-1,"[[3, 0, 0.0], [3, 1, 0.1], [3, 2, 0.2], [5, 0, 0.0], [5, 1, 0.1], [-1, 0, 0.0]]"
83,53,0,-1,"[[3, 0, 0.0], [3, 1, 0.1], [3, 2, 0.2], [5, 0, 0.0], [5, 1, 0.1], [-1, 0, 0.0]]"
84,53,1,-1,"[[3, 0, 0.0], [3, 1, 0.1], [3, 2, 0.2], [5, 0, 0.0], [5, 1, 0.1], [-1, 0, 0.0]]"
85,53,2,-1,"[[3, 0, 0.0], [3, 1, 0.1], [3, 2, 0.2], [5, 0, 0.0], [5, 1, 0.1], [-1, 0, 0.0]]"
86,54,0,-1,"[[32, 0, 0.0], [3, 1, 1.1], [-1, 0, 0.0], [-1, 0, 0.0], [-1, 0, 0.0], [-1, 0, 0.0]]"
87,55,0,-1,"[[38, 0, 0.0], [-1, 0, 0.0], [-1, 0, 0.0], [-1, 0, 0.0], [-1, 0, 0.0], [-1, 0, 0.0]]"
88,56,0,-1,"[[2, 0, 0.0], [2, 0, 1.0], [-1, 0, 0.0], [-1, 0, 0.0], [-1, 0, 0.0], [-1, 0, 0.0]]"
89,57,0,-1,"[[2, 0, 0.0], [2, 0, 1.0], [-1, 0, 0.0], [-1, 0, 0.0], [-1, 0, 0.0], [-1, 0, 0.0]]"
90,58,0,-1,"[[3, 0, 0.0], [3, 1, 0.1], [3, 2, 0.2], [5, 0, 0.0], [5, 1, 0.1], [-1, 0, 0.0]]"
91,58,1,-1,"[[3, 0, 0.0], [3, 1, 0.1], [3, 2, 0.2], [5, 0, 0.0], [5, 1, 0.1], [-1, 0, 0.0]]"
92,58,2,-1,"[[3, 0, 0.0], [3, 1, 0.1], [3, 2, 0.2], [5, 0, 0.0], [5, 1, 0.1], [-1, 0, 0.0]]"
93,59,0,-1,"[[3, 0, 0.0], [3, 1, 0.1], [3, 2, 0.2], [5, 0, 0.0], [5, 1, 0.1], [-1, 0, 0.0]]"
94,59,1,-1,"[[3, 0, 0.0], [3, 1, 0.1], [3, 2, 0.2], [5, 0, 0.0], [5, 1, 0.1], [-1, 0, 0.0]]"
96,60,0,-1,"[[3, 0, 0.0], [3, 1, 0.1], [3, 2, 0.2], [5, 0, 0.0], [5, 1, 0.1], [-1, 0, 0.0]]"
97,60,1,-1,"[[3, 0, 0.0], [3, 1, 0.1], [3, 2, 0.2], [5, 0, 0.0], [5, 1, 0.1], [-1, 0, 0.0]]"
98,60,2,-1,"[[3, 0, 0.0], [3, 1, 0.1], [3, 2, 0.2], [5, 0, 0.0], [5, 1, 0.1], [-1, 0, 0.0]]"
99,61,0,-1,"[[21, 0, 0.0], [-1, 0, 0.0], [-1, 0, 0.0], [-1, 0, 0.0], [-1, 0, 0.0], [-1, 0, 0.0]]"
100,62,0,-1,"[[19, 0, 0.0], [19, 1, 0.1], [-1, 0, 0.0], [-1, 0, 0.0], [-1, 0, 0.0], [-1, 0, 0.0]]"
101,63,0,-1,"[[40, 0, 0.0], [-1, 0, 0.0], [-1, 0, 0.0], [-1, 0, 0.0], [-1, 0, 0.0], [-1, 0, 0.0]]"
102,64,0,-1,"[[40, 0, 0.0], [-1, 0, 0.0], [-1, 0, 0.0], [-1, 0, 0.0], [-1, 0, 0.0], [-1, 0, 0.0]]"
103,43,3,-1,"[[3, 0, 0.0], [3, 1, 0.1], [3, 2, 0.2], [-1, 0, 0.0], [-1, 0, 0.0], [-1, 0, 0.0]]"
104,72,0,-1,"[[12, 0, 0.0], [-1, 0, 0.0], [-1, 0, 0.0], [-1, 0, 0.0], [-1, 0, 0.0], [-1, 0, 0.0]]"
105,73,0,-1,"[[12, 0, 0.0], [-1, 0, 0.0], [-1, 0, 0.0], [-1, 0, 0.0], [-1, 0, 0.0], [-1, 0, 0.0]]"
106,82,0,-1,"[[16, 0, 0.0], [-1, 0, 0.0], [-1, 0, 0.0], [-1, 0, 0.0], [-1, 0, 0.0], [-1, 0, 0.0]]"
107,76,0,-1,"[[21, 0, 0.0], [-1, 0, 0.0], [-1, 0, 0.0], [-1, 0, 0.0], [-1, 0, 0.0], [-1, 0, 0.0]]"
108,74,0,-1,"[[3, 0, 0.0], [3, 1, 0.1], [3, 2, 0.2], [5, 0, 0.0], [5, 1, 0.1], [-1, 0, 0.0]]"
109,75,0,-1,"[[3, 0, 0.0], [3, 1, 0.1], [3, 2, 0.2], [5, 0, 0.0], [5, 1, 0.1], [-1, 0, 0.0]]"
110,65,0,-1,"[[3, 0, 0.0], [3, 1, 0.1], [3, 2, 0.2], [5, 0, 0.0], [5, 1, 0.1], [-1, 0, 0.0]]"
111,78,0,-1,"[[23, 0, 0.0], [23, 1, 0.1], [23, 2, 0.2], [-1, 0, 0.0], [-1, 0, 0.0], [-1, 0, 0.0]]"
112,78,1,-1,"[[23, 3, 0.30000000000000004], [-1, 0, 0.0], [-1, 0, 0.0], [-1, 0, 0.0], [-1, 0, 0.0], [-1, 0, 0.0]]"
113,79,0,-1,"[[23, 0, 0.0], [23, 1, 0.1], [23, 2, 0.2], [-1, 0, 0.0], [-1, 0, 0.0], [-1, 0, 0.0]]"
114,79,1,-1,"[[23, 0, 0.0], [23, 1, 0.1], [23, 2, 0.2], [-1, 0, 0.0], [-1, 0, 0.0], [-1, 0, 0.0]]"
115,81,0,-1,"[[40, 0, 0.0], [-1, 0, 0.0], [-1, 0, 0.0], [-1, 0, 0.0], [-1, 0, 0.0], [-1, 0, 0.0]]"
116,77,0,-1,"[[42, 0, 0.0], [42, 1, 0.1], [42, 2, 0.2], [-1, 0, 0.0], [-1, 0, 0.0], [-1, 0, 0.0]]"
117,80,0,-1,"[[30, 0, 0.0], [3, 1, 1.1], [-1, 0, 0.0], [-1, 0, 0.0], [-1, 0, 0.0], [-1, 0, 0.0]]"
118,67,0,-1,"[[3, 0, 0.0], [3, 1, 0.1], [3, 2, 0.2], [-1, 0, 0.0], [-1, 0, 0.0], [-1, 0, 0.0]]"
119,68,0,-1,"[[3, 0, 0.0], [5, 0, 0.0], [3, 2, 0.2], [7, 0, 0.0], [7, 1, 0.1], [3, 1, 0.1]]"
120,68,1,-1,"[[3, 0, 0.0], [5, 0, 0.0], [3, 2, 0.2], [7, 0, 0.0], [7, 1, 0.1], [3, 1, 0.1]]"
121,68,2,-1,"[[3, 0, 0.0], [5, 0, 0.0], [3, 2, 0.2], [7, 0, 0.0], [7, 1, 0.1], [3, 1, 0.1]]"
122,68,3,-1,"[[3, 0, 0.0], [5, 0, 0.0], [3, 2, 0.2], [7, 0, 0.0], [7, 1, 0.1], [3, 1, 0.1]]"
123,66,0,-1,"[[23, 0, 0.0], [23, 1, 0.1], [23, 2, 0.2], [-1, 0, 0.0], [-1, 0, 0.0], [-1, 0, 0.0]]"
124,66,1,-1,"[[23, 3, 0.30000000000000004], [-1, 0, 0.0], [-1, 0, 0.0], [-1, 0, 0.0], [-1, 0, 0.0], [-1, 0, 0.0]]"
125,69,0,-1,"[[27, 0, 0.0], [3, 1, 1.1], [-1, 0, 0.0], [-1, 0, 0.0], [-1, 0, 0.0], [-1, 0, 0.0]]"
126,70,0,-1,"[[27, 0, 0.0], [3, 1, 1.1], [-1, 0, 0.0], [-1, 0, 0.0], [-1, 0, 0.0], [-1, 0, 0.0]]"
127,71,0,-1,"[[27, 0, 0.0], [3, 1, 1.1], [-1, 0, 0.0], [-1, 0, 0.0], [-1, 0, 0.0], [-1, 0, 0.0]]"
128,83,0,-1,"[[40, 0, 0.0], [-1, 0, 0.0], [-1, 0, 0.0], [-1, 0, 0.0], [-1, 0, 0.0], [-1, 0, 0.0]]"
129,84,0,-1,"[[40, 0, 0.0], [-1, 0, 0.0], [-1, 0, 0.0], [-1, 0, 0.0], [-1, 0, 0.0], [-1, 0, 0.0]]"
130,90,0,-1,"[[3, 0, 0.0], [-1, 0, 0.0], [-1, 0, 0.0], [-1, 0, 0.0], [-1, 0, 0.0], [-1, 0, 0.0]]"
131,85,0,-1,"[[12, 0, 0.0], [-1, 0, 0.0], [-1, 0, 0.0], [-1, 0, 0.0], [-1, 0, 0.0], [-1, 0, 0.0]]"
132,86,1,-1,"[[7, 0, 0.0], [7, 1, 0.1], [5, 0, 0.0], [5, 1, 0.1], [-1, 0, 0.0], [-1, 0, 0.0]]"
133,86,0,-1,"[[7, 0, 0.0], [7, 1, 0.1], [5, 0, 0.0], [5, 1, 0.1], [3, 0, 0.0], [3, 2, 0.2]]"
134,103,0,-1,"[[3, 0, 0.0], [3, 1, 0.1], [3, 2, 0.2], [-1, 0, 0.0], [-1, 0, 0.0], [-1, 0, 0.0]]"
135,87,0,-1,"[[3, 0, 0.0], [3, 1, 0.1], [3, 2, 0.2], [5, 0, 0.0], [5, 1, 0.1], [-1, 0, 0.0]]"
136,88,0,-1,"[[3, 0, 0.0], [3, 1, 0.1], [3, 2, 0.2], [5, 0, 0.0], [5, 1, 0.1], [-1, 0, 0.0]]"
137,89,0,-1,"[[3, 0, 0.0], [3, 1, 0.1], [3, 2, 0.2], [5, 0, 0.0], [5, 1, 0.1], [-1, 0, 0.0]]"
138,89,1,-1,"[[3, 0, 0.0], [3, 1, 0.1], [3, 2, 0.2], [5, 0, 0.0], [5, 1, 0.1], [-1, 0, 0.0]]"
139,89,2,-1,"[[3, 0, 0.0], [3, 1, 0.1], [3, 2, 0.2], [5, 0, 0.0], [5, 1, 0.1], [-1, 0, 0.0]]"
140,100,0,-1,"[[4, 0, 0.0], [4, 1, 0.1], [4, 2, 0.2], [6, 0, 0.0], [6, 1, 0.1], [-1, 0, 0.0]]"
141,100,1,-1,"[[4, 0, 0.0], [4, 1, 0.1], [4, 2, 0.2], [6, 0, 0.0], [6, 1, 0.1], [-1, 0, 0.0]]"
142,100,2,-1,"[[3, 0, 0.0], [3, 2, 0.2], [7, 0, 0.0], [5, 0, 0.0], [5, 1, 0.1], [3, 1, 0.1]]"
143,101,0,-1,"[[4, 0, 0.0], [4, 1, 0.1], [4, 2, 0.2], [6, 0, 0.0], [6, 1, 0.1], [-1, 0, 0.0]]"
144,101,1,-1,"[[4, 0, 0.0], [4, 1, 0.1], [4, 2, 0.2], [6, 0, 0.0], [6, 1, 0.1], [-1, 0, 0.0]]"
145,101,2,-1,"[[3, 0, 0.0], [3, 2, 0.2], [7, 1, 0.1], [5, 0, 0.0], [5, 1, 0.1], [3, 1, 0.1]]"
146,102,0,-1,"[[46, 0, 0.0], [-1, 0, 0.0], [-1, 0, 0.0], [-1, 0, 0.0], [-1, 0, 0.0], [-1, 0, 0.0]]"
147,104,0,-1,"[[3, 0, 0.0], [3, 1, 0.1], [3, 2, 0.2], [-1, 0, 0.0], [-1, 0, 0.0], [-1, 0, 0.0]]"
148,105,0,-1,"[[3, 0, 0.0], [3, 1, 0.1], [3, 2, 0.2], [-1, 0, 0.0], [-1, 0, 0.0], [-1, 0, 0.0]]"
149,106,0,-1,"[[3, 0, 0.0], [3, 1, 0.1], [3, 2, 0.2], [-1, 0, 0.0], [-1, 0, 0.0], [-1, 0, 0.0]]"
150,86,2,-1,"[[3, 0, 0.0], [3, 2, 0.2], [7, 1, 0.1], [5, 0, 0.0], [5, 1, 0.1], [3, 1, 0.1]]"
151,107,0,-1,"[[3, 1, 0.1], [3, 2, 0.2], [-1, 0, 0.0], [-1, 0, 0.0], [-1, 0, 0.0], [-1, 0, 0.0]]"
152,107,1,-1,"[[3, 0, 0.0], [3, 1, 0.1], [3, 2, 0.2], [-1, 0, 0.0], [-1, 0, 0.0], [-1, 0, 0.0]]"
153,107,2,-1,"[[47, 0, 0.0], [-1, 0, 0.0], [-1, 0, 0.0], [-1, 0, 0.0], [-1, 0, 0.0], [-1, 0, 0.0]]"
154,108,0,-1,"[[11, 0, 0.0], [-1, 0, 0.0], [-1, 0, 0.0], [-1, 0, 0.0], [-1, 0, 0.0], [-1, 0, 0.0]]"
155,109,0,-1,"[[3, 0, 0.0], [3, 1, 0.1], [3, 2, 0.2], [5, 0, 0.0], [5, 1, 0.1], [-1, 0, 0.0]]"
156,110,0,-1,"[[3, 0, 0.0], [3, 1, 0.1], [3, 2, 0.2], [-1, 0, 0.0], [-1, 0, 0.0], [-1, 0, 0.0]]"
157,110,1,-1,"[[3, 0, 0.0], [3, 1, 0.1], [3, 2, 0.2], [5, 0, 0.0], [5, 1, 0.1], [-1, 0, 0.0]]"
158,111,0,-1,"[[3, 0, 0.0], [3, 1, 0.1], [3, 2, 0.2], [-1, 0, 0.0], [-1, 0, 0.0], [-1, 0, 0.0]]"
159,111,1,-1,"[[3, 0, 0.0], [3, 1, 0.1], [3, 2, 0.2], [5, 0, 0.0], [5, 1, 0.1], [-1, 0, 0.0]]"
160,112,0,-1,"[[3, 0, 0.0], [3, 1, 0.1], [3, 2, 0.2], [-1, 0, 0.0], [-1, 0, 0.0], [-1, 0, 0.0]]"
161,112,1,-1,"[[3, 0, 0.0], [3, 1, 0.1], [3, 2, 0.2], [5, 0, 0.0], [5, 1, 0.1], [-1, 0, 0.0]]"
162,113,0,-1,"[[3, 0, 0.0], [3, 1, 0.1], [3, 2, 0.2], [-1, 0, 0.0], [-1, 0, 0.0], [-1, 0, 0.0]]"
163,113,1,-1,"[[3, 0, 0.0], [3, 1, 0.1], [3, 2, 0.2], [5, 0, 0.0], [5, 1, 0.1], [-1, 0, 0.0]]"
164,123,0,-1,"[[3, 0, 0.0], [3, 1, 0.1], [3, 2, 0.2], [-1, 0, 0.0], [-1, 0, 0.0], [-1, 0, 0.0]]"
165,119,0,-1,"[[3, 0, 0.0], [3, 1, 0.1], [3, 2, 0.2], [-1, 0, 0.0], [-1, 0, 0.0], [-1, 0, 0.0]]"
166,114,0,-1,"[[3, 0, 0.0], [3, 1, 0.1], [7, 1, 0.1], [5, 0, 0.0], [5, 1, 0.1], [7, 0, 0.0]]"
167,114,1,-1,"[[3, 0, 0.0], [3, 2, 0.2], [-1, 0, 0.0], [-1, 0, 0.0], [-1, 0, 0.0], [-1, 0, 0.0]]"
168,114,2,-1,"[[3, 0, 0.0], [3, 1, 0.1], [3, 2, 0.2], [-1, 0, 0.0], [-1, 0, 0.0], [-1, 0, 0.0]]"
169,114,3,-1,"[[40, 0, 0.0], [-1, 0, 0.0], [-1, 0, 0.0], [-1, 0, 0.0], [-1, 0, 0.0], [-1, 0, 0.0]]"
170,114,4,-1,"[[40, 0, 0.0], [-1, 0, 0.0], [-1, 0, 0.0], [-1, 0, 0.0], [-1, 0, 0.0], [-1, 0, 0.0]]"
171,115,0,-1,"[[27, 0, 0.0], [3, 1, 1.1], [-1, 0, 0.0], [-1, 0, 0.0], [-1, 0, 0.0], [-1, 0, 0.0]]"
172,116,0,-1,"[[32, 0, 0.0], [3, 1, 1.1], [-1, 0, 0.0], [-1, 0, 0.0], [-1, 0, 0.0], [-1, 0, 0.0]]"
173,117,0,-1,"[[2, 0, 0.0], [23, 2, 1.2], [-1, 0, 0.0], [-1, 0, 0.0], [-1, 0, 0.0], [-1, 0, 0.0]]"
174,118,0,-1,"[[3, 0, 0.0], [3, 1, 0.1], [5, 0, 0.0], [-1, 0, 0.0], [-1, 0, 0.0], [-1, 0, 0.0]]"
175,120,0,-1,"[[3, 0, 0.0], [3, 1, 0.1], [3, 2, 0.2], [-1, 0, 0.0], [-1, 0, 0.0], [-1, 0, 0.0]]"
176,121,0,-1,"[[3, 0, 0.0], [3, 1, 0.1], [3, 2, 0.2], [-1, 0, 0.0], [-1, 0, 0.0], [-1, 0, 0.0]]"
177,122,0,-1,"[[3, 0, 0.0], [3, 1, 0.1], [3, 2, 0.2], [-1, 0, 0.0], [-1, 0, 0.0], [-1, 0, 0.0]]"
178,124,0,-1,"[[2, 1, 0.1], [-1, 0, 0.0], [-1, 0, 0.0], [-1, 0, 0.0], [-1, 0, 0.0], [-1, 0, 0.0]]"
179,124,1,-1,"[[3, 0, 0.0], [3, 1, 0.1], [3, 2, 0.2], [5, 0, 0.0], [7, 0, 0.0], [7, 1, 0.1]]"
180,124,2,-1,"[[2, 0, 0.0], [2, 1, 0.1], [23, 6, 0.6000000000000001], [-1, 0, 0.0], [-1, 0, 0.0], [-1, 0, 0.0]]"
181,124,3,-1,"[[18, 0, 0.0], [-1, 0, 0.0], [-1, 0, 0.0], [-1, 0, 0.0], [-1, 0, 0.0], [-1, 0, 0.0]]"
182,125,0,-1,"[[9, 1, 0.1], [-1, 0, 0.0], [-1, 0, 0.0], [-1, 0, 0.0], [-1, 0, 0.0], [-1, 0, 0.0]]"
183,125,1,-1,"[[21, 0, 1.0], [-1, 0, 0.0], [-1, 0, 0.0], [-1, 0, 0.0], [-1, 0, 0.0], [-1, 0, 0.0]]"
184,126,0,-1,"[[23, 5, 0.5], [-1, 0, 0.0], [-1, 0, 0.0], [-1, 0, 0.0], [-1, 0, 0.0], [-1, 0, 0.0]]"
185,126,1,-1,"[[23, 0, 0.0], [23, 1, 0.1], [23, 2, 0.2], [-1, 0, 0.0], [-1, 0, 0.0], [-1, 0, 0.0]]"
186,127,0,-1,"[[5, 0, 0.0], [-1, 0, 0.0], [-1, 0, 0.0], [-1, 0, 0.0], [-1, 0, 0.0], [-1, 0, 0.0]]"
187,127,1,-1,"[[20, 0, 1.0], [-1, 0, 0.0], [-1, 0, 0.0], [-1, 0, 0.0], [-1, 0, 0.0], [-1, 0, 0.0]]"
188,128,0,-1,"[[3, 0, 0.0], [3, 1, 0.1], [3, 2, 0.2], [5, 0, 0.0], [5, 1, 0.1], [-1, 0, 0.0]]"
189,128,1,-1,"[[3, 0, 0.0], [3, 1, 0.1], [3, 2, 0.2], [5, 0, 0.0], [5, 1, 0.1], [-1, 0, 0.0]]"
190,128,2,-1,"[[3, 0, 0.0], [3, 1, 0.1], [3, 2, 0.2], [5, 0, 0.0], [5, 1, 0.1], [-1, 0, 0.0]]"
191,129,0,-1,"[[3, 0, 0.0], [3, 1, 0.1], [3, 2, 0.2], [5, 0, 0.0], [5, 1, 0.1], [7, 1, 0.1]]"
192,129,1,-1,"[[3, 0, 0.0], [3, 1, 0.1], [3, 2, 0.2], [5, 0, 0.0], [5, 1, 0.1], [7, 1, 0.1]]"
193,130,0,-1,"[[20, 0, 0.0], [-1, 0, 0.0], [-1, 0, 0.0], [-1, 0, 0.0], [-1, 0, 0.0], [-1, 0, 0.0]]"
194,131,0,-1,"[[5, 0, 0.0], [5, 1, 0.1], [2, 0, 1.0], [28, 1, 1.1], [11, 1, 2.1], [-1, 0, 0.0]]"
195,132,0,-1,"[[3, 0, 0.0], [3, 1, 0.1], [3, 2, 0.2], [5, 0, 0.0], [5, 1, 0.1], [-1, 0, 0.0]]"
196,133,0,-1,"[[3, 0, 0.0], [3, 1, 0.1], [3, 2, 0.2], [5, 0, 0.0], [5, 1, 0.1], [-1, 0, 0.0]]"
197,134,0,-1,"[[3, 0, 0.0], [3, 1, 0.1], [3, 2, 0.2], [5, 0, 0.0], [5, 1, 0.1], [-1, 0, 0.0]]"
198,135,0,-1,"[[3, 0, 0.0], [3, 1, 0.1], [3, 2, 0.2], [5, 0, 0.0], [5, 1, 0.1], [-1, 0, 0.0]]"
199,136,0,-1,"[[3, 2, 0.2], [45, 0, 1.0], [-1, 0, 0.0], [-1, 0, 0.0], [-1, 0, 0.0], [-1, 0, 0.0]]"
200,137,0,-1,"[[3, 2, 0.2], [45, 0, 1.0], [-1, 0, 0.0], [-1, 0, 0.0], [-1, 0, 0.0], [-1, 0, 0.0]]"
201,138,0,-1,"[[3, 2, 0.2], [45, 0, 1.0], [-1, 0, 0.0], [-1, 0, 0.0], [-1, 0, 0.0], [-1, 0, 0.0]]"
202,139,0,-1,"[[3, 0, 0.0], [3, 1, 0.1], [3, 2, 0.2], [5, 0, 0.0], [5, 1, 0.1], [-1, 0, 0.0]]"
203,140,0,-1,"[[5, 0, 0.0], [7, 0, 0.0], [7, 1, 0.1], [38, 0, 1.0], [-1, 0, 0.0], [-1, 0, 0.0]]"
204,141,0,-1,"[[2, 0, 0.0], [2, 0, 1.0], [-1, 0, 0.0], [-1, 0, 0.0], [-1, 0, 0.0], [-1, 0, 0.0]]"
205,140,1,-1,"[[3, 0, 0.0], [-1, 0, 0.0], [-1, 0, 0.0], [-1, 0, 0.0], [-1, 0, 0.0], [-1, 0, 0.0]]"
206,128,3,-1,"[[3, 0, 0.0], [-1, 0, 0.0], [-1, 0, 0.0], [-1, 0, 0.0], [-1, 0, 0.0], [-1, 0, 0.0]]"
207,142,0,-1,"[[3, 0, 0.0], [3, 1, 0.1], [3, 2, 0.2], [5, 0, 0.0], [5, 1, 0.1], [-1, 0, 0.0]]"
208,143,0,-1,"[[3, 0, 0.0], [3, 1, 0.1], [3, 2, 0.2], [5, 0, 0.0], [5, 1, 0.1], [-1, 0, 0.0]]"
209,144,0,-1,"[[3, 0, 0.0], [3, 1, 0.1], [3, 2, 0.2], [-1, 0, 0.0], [-1, 0, 0.0], [-1, 0, 0.0]]"
210,144,1,-1,"[[3, 0, 0.0], [3, 1, 0.1], [3, 2, 0.2], [5, 0, 0.0], [5, 1, 0.1], [-1, 0, 0.0]]"
211,145,0,-1,"[[3, 0, 0.0], [3, 1, 0.1], [3, 2, 0.2], [5, 0, 0.0], [5, 1, 0.1], [-1, 0, 0.0]]"
212,146,0,-1,"[[3, 0, 0.0], [3, 1, 0.1], [3, 2, 0.2], [5, 0, 0.0], [5, 1, 0.1], [-1, 0, 0.0]]"
213,147,0,-1,"[[3, 0, 0.0], [3, 1, 0.1], [3, 2, 0.2], [5, 0, 0.0], [5, 1, 0.1], [-1, 0, 0.0]]"
214,148,0,-1,"[[3, 0, 0.0], [3, 1, 0.1], [3, 2, 0.2], [5, 0, 0.0], [5, 1, 0.1], [-1, 0, 0.0]]"
215,149,0,-1,"[[9, 1, 0.1], [-1, 0, 0.0], [-1, 0, 0.0], [-1, 0, 0.0], [-1, 0, 0.0], [-1, 0, 0.0]]"
216,149,1,-1,"[[21, 0, 1.0], [-1, 0, 0.0], [-1, 0, 0.0], [-1, 0, 0.0], [-1, 0, 0.0], [-1, 0, 0.0]]"
217,150,0,-1,"[[4, 0, 0.0], [4, 1, 0.1], [4, 2, 0.2], [6, 0, 0.0], [6, 1, 0.1], [-1, 0, 0.0]]"
218,150,1,-1,"[[4, 0, 0.0], [4, 1, 0.1], [4, 2, 0.2], [6, 0, 0.0], [6, 1, 0.1], [-1, 0, 0.0]]"
219,150,2,-1,"[[3, 0, 0.0], [3, 2, 0.2], [7, 0, 0.0], [5, 0, 0.0], [5, 1, 0.1], [3, 1, 0.1]]"
220,151,0,-1,"[[3, 0, 0.0], [5, 0, 0.0], [5, 1, 0.1], [7, 0, 0.0], [7, 1, 0.1], [-1, 0, 0.0]]"
221,151,1,-1,"[[3, 0, 0.0], [5, 0, 0.0], [5, 1, 0.1], [7, 0, 0.0], [7, 1, 0.1], [-1, 0, 0.0]]"
222,151,2,-1,"[[3, 0, 0.0], [5, 0, 0.0], [5, 1, 0.1], [7, 0, 0.0], [7, 1, 0.1], [-1, 0, 0.0]]"
223,151,3,-1,"[[3, 0, 0.0], [5, 0, 0.0], [5, 1, 0.1], [7, 0, 0.0], [7, 1, 0.1], [-1, 0, 0.0]]"
224,151,4,-1,"[[3, 0, 0.0], [5, 0, 0.0], [5, 1, 0.1], [7, 0, 0.0], [7, 1, 0.1], [-1, 0, 0.0]]"
225,152,0,-1,"[[23, 0, 0.0], [23, 1, 0.1], [23, 2, 0.2], [-1, 0, 0.0], [-1, 0, 0.0], [-1, 0, 0.0]]"
226,153,0,-1,"[[32, 0, 0.0], [3, 1, 1.1], [-1, 0, 0.0], [-1, 0, 0.0], [-1, 0, 0.0], [-1, 0, 0.0]]"
227,154,0,-1,"[[40, 0, 0.0], [-1, 0, 0.0], [-1, 0, 0.0], [-1, 0, 0.0], [-1, 0, 0.0], [-1, 0, 0.0]]"
228,155,0,-1,"[[3, 0, 0.0], [3, 1, 0.1], [3, 2, 0.2], [-1, 0, 0.0], [-1, 0, 0.0], [-1, 0, 0.0]]"
229,151,5,-1,"[[3, 0, 0.0], [-1, 0, 0.0], [-1, 0, 0.0], [-1, 0, 0.0], [-1, 0, 0.0], [-1, 0, 0.0]]"
230,151,6,-1,"[[3, 0, 0.0], [-1, 0, 0.0], [-1, 0, 0.0], [-1, 0, 0.0], [-1, 0, 0.0], [-1, 0, 0.0]]"
231,150,3,-1,"[[3, 0, 0.0], [-1, 0, 0.0], [-1, 0, 0.0], [-1, 0, 0.0], [-1, 0, 0.0], [-1, 0, 0.0]]"
232,150,4,-1,"[[3, 0, 0.0], [-1, 0, 0.0], [-1, 0, 0.0], [-1, 0, 0.0], [-1, 0, 0.0], [-1, 0, 0.0]]"
233,156,0,-1,"[[3, 0, 0.0], [3, 1, 0.1], [3, 2, 0.2], [5, 0, 0.0], [5, 1, 0.1], [-1, 0, 0.0]]"
234,157,0,-1,"[[21, 0, 0.0], [-1, 0, 0.0], [-1, 0, 0.0], [-1, 0, 0.0], [-1, 0, 0.0], [-1, 0, 0.0]]"
235,158,0,-1,"[[38, 0, 0.0], [-1, 0, 0.0], [-1, 0, 0.0], [-1, 0, 0.0], [-1, 0, 0.0], [-1, 0, 0.0]]"
236,159,0,-1,"[[3, 0, 0.0], [3, 1, 0.1], [3, 2, 0.2], [5, 0, 0.0], [5, 1, 0.1], [-1, 0, 0.0]]"
237,160,0,-1,"[[3, 0, 0.0], [3, 1, 0.1], [3, 2, 0.2], [5, 0, 0.0], [5, 1, 0.1], [-1, 0, 0.0]]"
238,161,0,-1,"[[5, 0, 0.0], [7, 0, 0.0], [7, 1, 0.1], [5, 1, 0.1], [-1, 0, 0.0], [-1, 0, 0.0]]"
239,162,0,-1,"[[5, 0, 0.0], [7, 0, 0.0], [7, 1, 0.1], [5, 1, 0.1], [-1, 0, 0.0], [-1, 0, 0.0]]"
240,163,0,-1,"[[16, 0, 0.0], [-1, 0, 0.0], [-1, 0, 0.0], [-1, 0, 0.0], [-1, 0, 0.0], [-1, 0, 0.0]]"
241,164,0,-1,"[[5, 0, 0.0], [5, 1, 0.1], [10, 0, 0.0], [10, 0, 0.0], [-1, 0, 0.0], [-1, 0, 0.0]]"
242,164,1,-1,"[[5, 0, 0.0], [5, 1, 0.1], [10, 0, 0.0], [10, 0, 0.0], [-1, 0, 0.0], [-1, 0, 0.0]]"
243,165,0,-1,"[[23, 0, 0.0], [23, 1, 0.1], [23, 2, 0.2], [-1, 0, 0.0], [-1, 0, 0.0], [-1, 0, 0.0]]"
244,166,0,-1,"[[23, 0, 0.0], [23, 1, 0.1], [23, 2, 0.2], [-1, 0, 0.0], [-1, 0, 0.0], [-1, 0, 0.0]]"
245,167,0,-1,"[[23, 0, 0.0], [23, 1, 0.1], [23, 2, 0.2], [-1, 0, 0.0], [-1, 0, 0.0], [-1, 0, 0.0]]"
246,162,1,-1,"[[5, 0, 0.0], [-1, 0, 0.0], [-1, 0, 0.0], [-1, 0, 0.0], [-1, 0, 0.0], [-1, 0, 0.0]]"
247,168,0,-1,"[[3, 0, 0.0], [3, 1, 0.1], [3, 2, 0.2], [-1, 0, 0.0], [-1, 0, 0.0], [-1, 0, 0.0]]"
248,169,0,-1,"[[3, 0, 0.0], [3, 1, 0.1], [3, 2, 0.2], [-1, 0, 0.0], [-1, 0, 0.0], [-1, 0, 0.0]]"
249,170,0,-1,"[[3, 0, 0.0], [3, 1, 0.1], [3, 2, 0.2], [-1, 0, 0.0], [-1, 0, 0.0], [-1, 0, 0.0]]"
250,172,0,-1,"[[3, 0, 0.0], [3, 1, 0.1], [3, 2, 0.2], [-1, 0, 0.0], [-1, 0, 0.0], [-1, 0, 0.0]]"
251,172,1,-1,"[[3, 0, 0.0], [3, 1, 0.1], [3, 2, 0.2], [5, 0, 0.0], [5, 1, 0.1], [-1, 0, 0.0]]"
252,173,0,-1,"[[3, 0, 0.0], [3, 1, 0.1], [3, 2, 0.2], [-1, 0, 0.0], [-1, 0, 0.0], [-1, 0, 0.0]]"
253,173,1,-1,"[[3, 0, 0.0], [3, 1, 0.1], [3, 2, 0.2], [5, 0, 0.0], [5, 1, 0.1], [-1, 0, 0.0]]"
254,174,0,-1,"[[3, 0, 0.0], [3, 2, 0.2], [3, 2, 0.2], [5, 0, 0.0], [5, 1, 0.1], [3, 0, 0.0]]"
255,175,0,-1,"[[3, 0, 0.0], [3, 2, 0.2], [3, 2, 0.2], [5, 0, 0.0], [5, 1, 0.1], [3, 0, 0.0]]"
256,176,0,-1,"[[3, 0, 0.0], [3, 2, 0.2], [3, 2, 0.2], [5, 0, 0.0], [5, 1, 0.1], [3, 0, 0.0]]"
257,177,0,-1,"[[3, 0, 0.0], [3, 2, 0.2], [-1, 0, 0.0], [-1, 0, 0.0], [-1, 0, 0.0], [-1, 0, 0.0]]"
258,177,1,-1,"[[3, 0, 0.0], [3, 2, 0.2], [-1, 0, 0.0], [-1, 0, 0.0], [-1, 0, 0.0], [-1, 0, 0.0]]"
259,177,2,-1,"[[3, 0, 0.0], [3, 1, 0.1], [3, 2, 0.2], [-1, 0, 0.0], [-1, 0, 0.0], [-1, 0, 0.0]]"
260,177,3,-1,"[[3, 0, 0.0], [3, 2, 0.2], [5, 0, 0.0], [5, 1, 0.1], [-1, 0, 0.0], [-1, 0, 0.0]]"
261,178,0,1,"[[23, 1, 40.1], [23, 0, 70.0], [-1, 0, 0.0], [-1, 0, 0.0], [-1, 0, 0.0], [-1, 0, 0.0]]"
262,178,1,2,"[[23, 0, 50.0], [23, 1, 80.1], [-1, 0, 0.0], [-1, 0, 0.0], [-1, 0, 0.0], [-1, 0, 0.0]]"
263,178,2,3,"[[23, 5, 60.5], [-1, 0, 0.0], [-1, 0, 0.0], [-1, 0, 0.0], [-1, 0, 0.0], [-1, 0, 0.0]]"
264,178,3,-1,"[[3, 0, 0.0], [3, 1, 0.1], [3, 2, 0.2], [-1, 0, 0.0], [-1, 0, 0.0], [-1, 0, 0.0]]"
265,179,0,-1,"[[2, 1, 0.1], [3, 1, 1.1], [3, 0, 2.0], [3, 0, 2.0], [3, 1, 2.1], [3, 1, 2.1]]"
266,180,0,-1,"[[2, 1, 0.1], [3, 1, 1.1], [3, 0, 2.0], [3, 0, 2.0], [3, 1, 2.1], [3, 1, 2.1]]"
267,181,0,-1,"[[2, 1, 0.1], [3, 1, 1.1], [3, 0, 2.0], [3, 0, 2.0], [3, 1, 2.1], [3, 1, 2.1]]"
268,182,0,-1,"[[2, 1, 0.1], [3, 1, 1.1], [3, 0, 2.0], [3, 0, 2.0], [3, 1, 2.1], [3, 1, 2.1]]"
269,183,0,-1,"[[3, 0, 0.0], [3, 1, 0.1], [3, 2, 0.2], [5, 0, 0.0], [5, 1, 0.1], [-1, 0, 0.0]]"
270,183,1,-1,"[[3, 0, 0.0], [3, 1, 0.1], [3, 2, 0.2], [5, 0, 0.0], [5, 1, 0.1], [-1, 0, 0.0]]"
271,184,0,-1,"[[37, 0, 0.0], [-1, 0, 0.0], [-1, 0, 0.0], [-1, 0, 0.0], [-1, 0, 0.0], [-1, 0, 0.0]]"
272,187,0,-1,"[[3, 0, 0.0], [3, 1, 0.1], [3, 2, 0.2], [5, 0, 0.0], [5, 1, 0.1], [-1, 0, 0.0]]"
273,188,0,-1,"[[3, 0, 0.0], [3, 1, 0.1], [3, 2, 0.2], [5, 0, 0.0], [5, 1, 0.1], [-1, 0, 0.0]]"
274,189,0,-1,"[[3, 0, 0.0], [3, 1, 0.1], [3, 2, 0.2], [5, 0, 0.0], [5, 1, 0.1], [-1, 0, 0.0]]"
275,190,0,-1,"[[3, 0, 0.0], [3, 1, 0.1], [3, 2, 0.2], [5, 0, 0.0], [5, 1, 0.1], [-1, 0, 0.0]]"
276,191,0,-1,"[[3, 0, 0.0], [3, 1, 0.1], [3, 2, 0.2], [5, 0, 0.0], [5, 1, 0.1], [-1, 0, 0.0]]"
277,192,0,-1,"[[3, 0, 0.0], [3, 1, 0.1], [3, 2, 0.2], [-1, 0, 0.0], [-1, 0, 0.0], [-1, 0, 0.0]]"
278,193,0,-1,"[[3, 0, 0.0], [3, 1, 0.1], [3, 2, 0.2], [-1, 0, 0.0], [-1, 0, 0.0], [-1, 0, 0.0]]"
279,194,0,-1,"[[40, 0, 0.0], [23, 3, 1.3], [-1, 0, 0.0], [-1, 0, 0.0], [-1, 0, 0.0], [-1, 0, 0.0]]"
280,195,0,-1,"[[3, 0, 0.0], [3, 1, 0.1], [3, 2, 0.2], [5, 0, 0.0], [5, 1, 0.1], [-1, 0, 0.0]]"
281,196,0,-1,"[[3, 0, 0.0], [3, 1, 0.1], [3, 2, 0.2], [5, 0, 0.0], [5, 1, 0.1], [-1, 0, 0.0]]"
282,192,1,-1,"[[3, 0, 0.0], [-1, 0, 0.0], [-1, 0, 0.0], [-1, 0, 0.0], [-1, 0, 0.0], [-1, 0, 0.0]]"
283,197,0,-1,"[[40, 0, 0.0], [-1, 0, 0.0], [-1, 0, 0.0], [-1, 0, 0.0], [-1, 0, 0.0], [-1, 0, 0.0]]"
284,198,0,-1,"[[40, 0, 0.0], [-1, 0, 0.0], [-1, 0, 0.0], [-1, 0, 0.0], [-1, 0, 0.0], [-1, 0, 0.0]]"
285,199,0,-1,"[[40, 0, 0.0], [-1, 0, 0.0], [-1, 0, 0.0], [-1, 0, 0.0], [-1, 0, 0.0], [-1, 0, 0.0]]"
286,200,0,-1,"[[3, 0, 0.0], [3, 1, 0.1], [3, 2, 0.2], [5, 0, 0.0], [5, 1, 0.1], [-1, 0, 0.0]]"
287,200,1,-1,"[[3, 0, 0.0], [3, 1, 0.1], [3, 2, 0.2], [5, 0, 0.0], [5, 1, 0.1], [-1, 0, 0.0]]"
288,201,0,-1,"[[20, 0, 0.0], [-1, 0, 0.0], [-1, 0, 0.0], [-1, 0, 0.0], [-1, 0, 0.0], [-1, 0, 0.0]]"
289,202,0,-1,"[[3, 0, 0.0], [3, 1, 0.1], [3, 2, 0.2], [5, 0, 0.0], [5, 1, 0.1], [-1, 0, 0.0]]"
290,203,0,-1,"[[3, 0, 0.0], [3, 1, 0.1], [3, 2, 0.2], [5, 0, 0.0], [5, 1, 0.1], [-1, 0, 0.0]]"
291,204,0,-1,"[[40, 0, 0.0], [-1, 0, 0.0], [-1, 0, 0.0], [-1, 0, 0.0], [-1, 0, 0.0], [-1, 0, 0.0]]"
292,205,0,-1,"[[46, 0, 0.0], [-1, 0, 0.0], [-1, 0, 0.0], [-1, 0, 0.0], [-1, 0, 0.0], [-1, 0, 0.0]]"
293,206,0,-1,"[[40, 0, 0.0], [-1, 0, 0.0], [-1, 0, 0.0], [-1, 0, 0.0], [-1, 0, 0.0], [-1, 0, 0.0]]"
294,207,0,-1,"[[21, 0, 0.0], [-1, 0, 0.0], [-1, 0, 0.0], [-1, 0, 0.0], [-1, 0, 0.0], [-1, 0, 0.0]]"
295,208,0,-1,"[[3, 1, 0.1], [-1, 0, 0.0], [-1, 0, 0.0], [-1, 0, 0.0], [-1, 0, 0.0], [-1, 0, 0.0]]"
296,209,0,-1,"[[33, 0, 0.0], [-1, 0, 0.0], [-1, 0, 0.0], [-1, 0, 0.0], [-1, 0, 0.0], [-1, 0, 0.0]]"
297,210,0,-1,"[[33, 0, 0.0], [-1, 0, 0.0], [-1, 0, 0.0], [-1, 0, 0.0], [-1, 0, 0.0], [-1, 0, 0.0]]"
298,211,0,-1,"[[33, 0, 0.0], [-1, 0, 0.0], [-1, 0, 0.0], [-1, 0, 0.0], [-1, 0, 0.0], [-1, 0, 0.0]]"
299,212,0,-1,"[[3, 0, 0.0], [3, 1, 0.1], [3, 2, 0.2], [-1, 0, 0.0], [-1, 0, 0.0], [-1, 0, 0.0]]"
300,212,1,-1,"[[3, 0, 0.0], [3, 1, 0.1], [3, 2, 0.2], [5, 0, 0.0], [5, 1, 0.1], [-1, 0, 0.0]]"
301,213,0,-1,"[[5, 0, 0.0], [2, 1, 1.1], [-1, 0, 0.0], [-1, 0, 0.0], [-1, 0, 0.0], [-1, 0, 0.0]]"
302,214,0,-1,"[[3, 0, 0.0], [3, 1, 0.1], [3, 2, 0.2], [5, 0, 0.0], [5, 1, 0.1], [-1, 0, 0.0]]"
303,215,0,-1,"[[3, 0, 0.0], [3, 1, 0.1], [3, 2, 0.2], [5, 0, 0.0], [5, 1, 0.1], [-1, 0, 0.0]]"
304,216,0,-1,"[[27, 0, 0.0], [3, 1, 1.1], [-1, 0, 0.0], [-1, 0, 0.0], [-1, 0, 0.0], [-1, 0, 0.0]]"
305,217,0,-1,"[[9, 1, 0.1], [-1, 0, 0.0], [-1, 0, 0.0], [-1, 0, 0.0], [-1, 0, 0.0], [-1, 0, 0.0]]"
306,217,1,-1,"[[21, 0, 1.0], [-1, 0, 0.0], [-1, 0, 0.0], [-1, 0, 0.0], [-1, 0, 0.0], [-1, 0, 0.0]]"
307,218,0,-1,"[[9, 1, 0.1], [-1, 0, 0.0], [-1, 0, 0.0], [-1, 0, 0.0], [-1, 0, 0.0], [-1, 0, 0.0]]"
308,218,1,-1,"[[21, 0, 1.0], [-1, 0, 0.0], [-1, 0, 0.0], [-1, 0, 0.0], [-1, 0, 0.0], [-1, 0, 0.0]]"
309,219,0,-1,"[[9, 1, 0.1], [-1, 0, 0.0], [-1, 0, 0.0], [-1, 0, 0.0], [-1, 0, 0.0], [-1, 0, 0.0]]"
310,219,1,-1,"[[21, 0, 1.0], [-1, 0, 0.0], [-1, 0, 0.0], [-1, 0, 0.0], [-1, 0, 0.0], [-1, 0, 0.0]]"
311,220,0,-1,"[[3, 0, 0.0], [-1, 0, 0.0], [-1, 0, 0.0], [-1, 0, 0.0], [-1, 0, 0.0], [-1, 0, 0.0]]"
312,221,0,-1,"[[3, 0, 0.0], [3, 1, 0.1], [3, 2, 0.2], [5, 0, 0.0], [5, 1, 0.1], [-1, 0, 0.0]]"