id,name,name_jap,group,food,spot,type,unk1,unk2,unk3,unk4,unk5,unk6,unk7,shop_desc,goodies_desc,shop_desc_jap,goodies_desc_jap
0,Thrifty Bitz,お徳用かりかり,1,0,3,1,143,141,162,162,162,0,"[0, 0, 0, 0, 0, 0, 0, 0, 0, 0, 0, 0, 0, 0]",,Hardly a fancy feast、 but it tastes okay%rfor cheap chow. Guaranteed to contain a%rminimum of byproducts and fillers.,お徳用かりかり%r贅沢品ではないけれど%r味も大きさも合格,お徳用かりかり%r贅沢品ではないけれど%r味も大きさもまぁ合格
1,Ritzy Bitz,猫缶,1,1,3,1,145,143,164,164,164,0,"[0, 0, 0, 0, 0, 0, 0, 0, 0, 0, 0, 0, 0, 0]",A sumptuous canned combo of fresh tuna、%rbonito、 and sardines. Sure to boost your%rpowers of cat attraction!,As if by magic、 cats seem to appear%rfrom thin air as soon as they hear%rthe pull-top pop.,マグロ＆カツオの大人気猫缶%rしらす配合で栄養も満点！%rねこあつめ力が激アップ！！,パキュ！%rの音だけでどこからともなく%rねこがくる不思議な缶詰
2,Sashimi,お刺身,1,1,3,1,147,145,166,166,166,0,"[0, 0, 0, 0, 0, 0, 0, 0, 0, 0, 0, 0, 0, 0]",Sashimi sliced from only the freshest%rfish、 with the wasabi and garnish removed.%rFor cats with expensive tastes.,Not for everyone、 but the smell is hard%rto resist! Beloved by certain rare cats.,新鮮な魚のお刺身%rサビ・ツマ抜きでねこちゃんも安心！%r高級志向のねこちゃんに是非！,好き嫌いはあるけれど%rそのニオイの吸引力は抜群%rレアなねこたちには大人気
3,Baseball,野球ボール,1,0,0,2,3,0,0,0,0,0,"[20, 50, 20, 0, 0, 50, 0, 0, 0, 0, 0, 20, 0, 0]",A firm ball that feels good in your mitts.%rFor cats that like to play hardball.,This is no cat toy. It's a regulation%rbaseball ready for the major leagues.,ほどよい握りごたえの%r野球ボール%rやんちゃなキミのため！,おもちゃタイプと思ったら%rなんと本格硬式ボール%rその質感がよいらしい
4,Rubber Ball (Red),ゴムボール(赤),1,0,0,2,6,3,3,3,3,0,"[20, 0, 20, 0, 0, 0, 30, 0, 0, 0, 30, 0, 0, 0]",A red rubber ball with a satisfying%rbounce and soft squeeze that won't%rwear out your fingers.,A bit on the big side、 which means plenty%rof bounce per pounce.,ぼよんぼよんとはねる%rゴム製の赤いボール%r柔らかさと弾力で飽きがこない！,ちょっと大きめだけど%rゴムの弾力でぐいぐいする%rのがなんかイイらしい
5,Ping-Pong Ball,ピンポン球,1,0,0,2,12,9,9,9,9,0,"[20, 0, 20, 0, 0, 0, 0, 0, 0, 0, 0, 0, 0, 0]",This puny plaything bounces with a%rhearty clack that's bound to pique%rany cat's interest.,The cats who look the most bored are%rhaving the most fun.,コンコン固くはずむ音と%r転がった時の音に興味深々%rまちがいなし！,興味がないように見えて%r実は楽しんでいる系
6,Soccer Ball,サッカーボール,1,0,0,2,13,10,10,10,10,0,"[20, 0, 20, 0, 0, 50, 0, 0, 0, 0, 0, 0, 0, 0]",The perfect ball for a team of maverick%rcats too cool to play by the rules.,It seemed big at first、 but this ball%rturned out to be the perfect size.,ルール無用のサッカーねこ%r育成マシーン！%r目指せCリーガー,少し大きいかなと思ったけど%r意外とフィットする大きさ
7,Shopping Box (Small),ダンボール(小),1,0,0,3,23,20,20,20,20,0,"[50, -50, 0, 0, 20, 0, 30, 0, 0, 0, 0, 20, 0, 0]",A small but inexplicably fascinating%rcardboard box. Empty of stuff and yet%rfull of mystery.,A smallish box barely big enough to fit%ra cat. My、 how they've grown!,謎の多い不思議な魅力の小箱,ねこたちの成長を感じ取れる%rすこし小さめの箱
8,Shopping Box (Large),ダンボール(中),1,0,0,3,20,17,17,17,17,0,"[50, -50, 0, 0, 20, 0, 30, 0, 0, 0, 0, 20, 0, 0]",An inexplicably fascinating cardboard%rbox. Empty of stuff and yet full of%rmystery.,A run-of-the-mill box that cats can't%rseem to pass up.,謎の多い不思議な魅力の箱,何故かねこたちを惹きつけて%rやまない不思議な箱
9,Cardboard Truck,ダンボールドライブ,1,0,0,3,15,12,12,12,12,0,"[50, -50, 20, 0, 20, 0, 30, 0, 0, 0, 0, 30, 0, 0]",A toy delivery truck made of cardboard.%rIt's surprisingly spacious inside.,This truck-shaped box will make your%rkitties purr. They can even squeeze%rthrough the windshield.,車型に工作したダンボール%r中は広々空間！,想定よりもかなりのフィット感%rフロントガラスからも出入り自由
10,Cardboard House,ハウスデラックス,1,0,1,3,19,16,16,16,16,0,"[20, 0, 20, 0, 20, 0, 0, 0, 0, 20, 0, 30, 0, 20]",A cardboard casa with curb appeal. It's%rdim and cool inside、 the way cats like it.,A room with a view、 this cardboard%rhouse lets your cats watch the world%rin complete privacy and darkness.,ダンボール職人作！%rなかは薄暗くすずしく快適%rきっとご満足いただけます,薄暗いところからじっと外を%r見つめられるワンルーム
11,Pillow (Purple),お座布団(紫),1,0,0,4,89,87,94,94,94,0,"[20, 0, 50, 0, 20, 0, 30, 30, 0, 0, 0, 0, 0, 0]",The sort of comfy cotton pillow enjoyed%rby cats of every stripe.,A standard pillow that's fairly%rcomfortable. The stuffing will%rcome out if it's scratched.,綿がいいかんじにぺったりした%rお座布団%rそれが良いというお客様の声多数,普通の座布団%r座り心地はそんなに悪くない%r引っ掻かれると中身が出てしまう
12,Silk Crepe Pillow,ちりめん座布団,1,0,0,4,85,83,90,90,90,0,"[20, 0, 50, 0, 20, 0, 0, 50, 0, 0, 0, 0, 0, 0]",The crepe fabric of this pillow gives%rit a crimped appearance. Ideal for%rdiscerning felines.,This silky-soft pillow is perfect%rfor catnaps.,高級ちりめんを使用した%r由緒ある座布団%rちがいのわかる方へ是非,触り心地がきもちいい%r昼寝にぴったりの座布団
13,Cushion (Beige),クッション(ﾍﾞｰｼﾞｭ),1,0,0,4,51,49,51,51,51,0,"[50, 0, 20, 0, 20, 0, 20, 0, 30, 0, 30, 0, 0, 20]",A fluffy pillow made of special%rmaterial that repels cat hair.%rAvailable in soothing beige.,A simple beige cushion made of soft、%rfluffy material.,ふんわりくっしょん%rぬけ毛がからまない生地を採用%rおちついたベージュカラー,シンプルなベージュのクッション%rふんわりとした座り心地
14,Cushion (Pink),クッション(ﾋﾟﾝｸ),1,0,0,4,52,50,52,52,52,0,"[50, 0, 20, 0, 20, 0, 20, 0, 30, 0, 30, 0, 20, 20]",A fluffy pillow made of special%rmaterial that repels cat hair.%rAvailable in pleasing pink.,A cute pink cushion made of soft、%rfluffy material.,ふんわりくっしょん%rぬけ毛がからまない生地を採用%rかわいらしいピンク,かわいいピンクのクッション%rふんわりとした座り心地
15,Cushion (Brown),クッション(ﾌﾞﾗｳﾝ),1,0,0,4,53,51,53,53,53,0,"[50, 0, 20, 0, 20, 0, 20, 0, 30, 0, 30, 0, 0, 20]",A fluffy pillow made of special%rmaterial that repels cat hair.%rAvailable in a neutral brown.,A muted brown cushion made of soft、%rfluffy material.,ふんわりくっしょん%rぬけ毛がからまない生地を採用%r渋い大人の雰囲気ブラウン,渋いブラウンのクッション%rふんわりとした座り心地
16,Thick Cooling Pad,極厚ひんやりマット,1,0,0,7,49,47,49,49,49,0,"[0, 50, 0, -50, 50, 0, 0, 0, 0, 20, 0, 0, 0, 0]",A cushion stuffed with scientifically%rformulated gel that keeps its cool.,This squishy pad helps your cats beat%rthe heat.,夏場のおともひんやりクッション%r大容量のやわらか冷却ジェルが%r長時間の快適さを約束,分厚くて冷たいマット%r柔らかくてひんやり心地よい
17,Fluffy Cushion,もこもこクッション,1,0,0,4,66,64,66,66,66,0,"[20, -50, 20, 30, 20, 0, 0, 0, 20, 0, 0, 0, 0, 20]",Cats will sleep on cloud nine in this%rcushion's bottomless billowy depths.,Soft and fluffy、 this cushion is%rpractically irresistible.,もっこもこのふわふわに%rつつまれたような感触が%r良い夢見をサポートします,もこもこしたクッション%rふかふかの感触がたまらない
18,Head Space,ドーム型クッション,1,0,0,4,45,43,45,45,45,0,"[20, -50, 20, 50, 20, 0, 30, 0, 20, 0, 0, 0, 0, 20]",Give your feline some me time in this%rcushion shaped like a cat's head complete%rwith cute kitty ears.,The roomy inner chamber of this cushion%ris dim and quiet、 ideal for a catnap.,大きな口におしゃれな耳%rほどよいサイズのマイスペース%rはいかがでしょうか？,屋根のついたクッション%r適度な暗さがお昼寝にピッタリ
19,Zanzibar Cushion,高級クッション,1,0,0,4,73,71,75,75,75,0,"[50, 0, 20, 0, 20, 0, 0, 0, 0, 30, 0, 0, 0, 0]",A regal、 elaborately sewn throne fit%rfor royalty.,"An overpriced cushion for only the most%rspoiled cats. Next you'll be adding ""lord""%ror ""lady"" to their names.",高級でエレガントなクッション%r気分は王様、お姫様%r座り心地も見た目もゴージャス,そこに座るだけで%r“様”づけしたくなるような%r無駄に高級なクッション
20,Bean Bag,ビーズクッション,1,0,0,4,27,24,25,25,25,0,"[20, 0, 20, 0, 20, 0, 0, 0, 20, 0, 0, 0, 0, 20]",Move over、 boring cushions! This bag is%rfilled with small beads that add a%rtotally extreme texture.,The spongy material conforms to fit the%rbody of a cat.,ビーズの入ったクッション%rザクザクした感触が刺激的%r普通のクッションに飽きたらコレ,かたちが自在に変わるので%rねこの身体にフィットする
21,Two-tier Cat Tree,２段式タワー,1,0,1,5,103,101,107,107,107,0,"[20, 0, 20, 0, 0, 0, 30, 0, 0, 0, 0, 30, 0, 20]",A basic two-story tower、 perfect for%rsome light cat acrobatics.,A simple two-story cat tree. Basically、%ra bunk bed for cats.,シンプルな2段のタワー%r登ったりして遊ぼう,シンプルな２段のタワー%r実体は２段式のお昼寝ベッド
22,Three-tier Cat Tree,３段式タワー,1,0,1,5,104,102,108,108,108,0,"[20, 0, 20, 0, 0, 0, 30, 0, 0, 0, 0, 30, 0, 20]",Two trees connect into a three-tier%rtower. Twice the height means twice%rthe adventure!,A simple three-story cat tree. Basically、%ra triple bunk bed for cats.,２つ繋がった3段のタワー%r高さ2倍で楽しさも2倍%r落っこちないように注意しよう,シンプルな３段のタワー%r実体は３段式のお昼寝ベッド
23,Cat Condo Complex,アスレチックタワー,1,0,1,5,105,103,109,109,109,0,"[20, 0, 20, 0, 0, 0, 0, 0, 0, 0, 0, 30, 0, 20]",Two towers are more fun than one! Includes%ra cozy casa for post-workout catnaps.,You'll have a tough time evicting cats%rfrom this two-tower complex. It's bound%rto attract some tenants.,立体的なアスレチックタワー%r１つで色々な遊び方が楽しめて%r健康にもGood!!,横にも大きなタワー%r沢山のねこがあつまってくる%rかもしれない
24,Cat Metropolis,アスレチックEX,1,0,1,5,106,104,110,110,110,0,"[20, 0, 20, 0, 0, 0, 0, 0, 0, 0, 0, 30, 0, 20]",This cat city has it all: platforms、%rscratching posts、 and plenty of room to%rroam. Cats who visit will never leave!,Cat tree? More like a cat city! Expect%ryour house to become a cat capitol.,より立体的なアスレチックタワー%r複雑な形で遊びがさらに楽しくなる%r降りられなくならないようにご注意を,とにかく大きなタワー%r沢山のねこがあつまってくる%rはず！
25,Tunnel (I Piece),トンネル(I型),2,0,1,5,113,111,117,117,117,0,"[20, 0, 20, 0, 0, 0, 30, 0, 0, 0, 0, 30, 0, 20]",A straight tunnel that's fun to crawl%rthrough. If a cat can't fit、 it may be%rtime to cut down on the Ritzy Bitz.,You'd think a cat would never fit%rinside、 but somehow it does.%rCats are full of surprises.,I字型のトンネル%r出たり入ったりして遊ぼう%r通れなくなったら太り気味かも？,つっかえそうでつっかえない%rねこたちの身体の不思議を%r垣間見ることができる筒
26,Tunnel (U Piece),トンネル(U型),2,0,1,5,120,118,124,124,124,0,"[20, 0, 20, 0, 0, 0, 30, 0, 0, 0, 0, 30, 0, 20]",A tunnel shaped like the letter U.%rCreeping through the bend requires%rsome serious flexibility.,You'd think a cat would get stuck%rinside、 but somehow it doesn't.%rCats sure are bendy.,U字型のトンネル%r曲がっているので少し難しくなった%r体が硬いと曲がれない,ひっかかりそうでひっかからない%rねこたちの身体の柔らかさを%r実感できる曲がった筒
27,Tunnel (T Piece),トンネル(T型),2,0,1,5,119,117,123,123,123,0,"[20, 0, 20, 0, 0, 0, 30, 0, 0, 0, 0, 30, 0, 20]",A tunnel shaped like the letter T.%rThe twin exits double the confusion!,You'd think a cat wouldn't get lost%rinside、 but somehow it does.%rCats sure are silly.,T字型のトンネル%r出口が２つで迷っちゃう,迷わないはずなのに迷う%rねこたちのおちゃめさを%r観察できる筒
28,Tunnel (3D Piece),立体型トンネル,2,0,1,5,110,108,114,114,114,0,"[20, 0, 20, 0, 0, 0, 30, 0, 0, 0, 0, 30, 0, 20]",A tunnel that bends every which way.%rIt's like a secret world that your cat will%rnever get sick of exploring.,Cats like to peek through the holes%rbefore picking an entrance. Where%rthey end up next is anyone's guess.,立体的なトンネル%r複雑な形はまるで秘密基地%r飽きずに何度でも楽しめる,穴があったら覗いてみる%r入ってみる%rそして中に潜んでみる
29,Tail-thing Teaser,ねこじゃらし,2,0,0,6,135,133,152,153,152,0,"[20, 0, 20, 0, 0, 0, 30, 0, 0, 0, 0, 20, 0, 20]",Cats feel compelled to leap at this%rteaser. Their fitness level will improve%rby leaps and bounds!,The most basic of cat toys. Even though%rthey always want to play with it、 most%rcats get tired of it in ten seconds.,思わず飛びつきたくなる魅惑のフリフリ%r遊び始めると疲れるまで離さない,定番中の定番のグッズ%r何度も遊びたがるくせに%r遊びだすとすぐに飽きる
30,Wing-thing Teaser,羽根じゃらし,2,0,0,6,124,122,131,132,131,0,"[20, 0, 20, 0, 0, 0, 30, 0, 0, 0, 0, 20, 0, 20]",Mild curiosity will turn into obsession%ronce your cat starts pouncing on this%rtufted teaser.,Anything with feathers triggers ancient%rfeline instincts. This is sure to get%rsome kind of reaction.,飛びつかずにはいられない至高のフサフサ%r好奇心をくすぐり夢中にさせる,本能がそうさせるのか%r羽根のフサフサに反応大
31,Mister Mouse,ねずみさん,2,0,0,6,132,130,147,148,147,0,"[20, 0, 20, 0, 0, 0, 30, 0, 0, 0, 0, 20, 0, 0]",Cats and mice are ancestral enemies、%rso this toy is sure to tickle your visitors'%rpredatory instincts.,A fake mouse that scurries when you pull%ra string on a stick. Let them play with%rthis before chasing the real thing.,本能をくすぐるフォルムで%rねこたちのハートをキャッチ！,作り物のねずみさん%rヒモで繋がった棒で動かす%r本物を捕まえてくる前に遊んであげよう
32,Mister Dragonfly,トンボくん,2,0,0,6,131,129,145,146,145,0,"[20, 0, 20, 0, 0, 0, 30, 0, 0, 0, 0, 20, 0, 0]",Your cats will stare like zombies every%rtime the light bounces off of its%riridescent wings.,The device is designed to yank the%rdragonfly up high so that cats can't%rreach it without jumping.,光る翅が動くたびに乱反射%rキラキラ翅に目がランラン,組み立てると%rトンボが高い位置にくるので%rジャンプしないと届かない
33,Busy Bee,自動ぶんぶん丸,2,0,0,6,122,120,126,127,128,0,"[20, 0, 20, 0, 0, 0, 0, 0, 20, 30, 30, 20, 0, 20]",A motorized flying bug that buzzes%rhither and thither、 kicking a cat's%rhunting instincts into high gear.,This toy starts buzzing around as soon as%ryou set it down. It's practically begging%rfor a good pouncing!,自動で動く虫型のおもちゃ%r狩猟本能を刺激する一品,設置するとぐるぐる回る%r狙いを定めているうちに%r目が回っちゃいそう
34,Twisty Rail,あっちこっちレール,2,0,1,6,133,131,149,149,149,0,"[20, 0, 20, 0, 20, 0, 0, 0, 20, 20, 30, 20, 0, 20]",Cats will have a blast batting the ball%rback and forth in this train rail.,The green ball appears and disappears%rfrom your cat's view. They just can't%rresist hitting it one more time.,ボールを動かして遊ぶおもちゃ%rレールの中を押したボールが転がっていく%rコロコロ転がして遊ぼう,緑のボールが行ったり来たり%r見えたり見えなかったり%rついつい何度もつついちゃう
35,Paper Bag,紙ぶくろ,2,0,0,9,137,135,156,156,156,0,"[0, 0, 20, 20, 0, 0, 30, 0, 0, 0, 0, 20, 0, 0]",A normal paper bag. Place it%rand--presto!--a cat will soon%rappear inside it as if by magic!,Transforming this paper bag into a cat%rtoy is easy: Just add a cat.,普通の紙袋%r置いておくといつの間にか入っている%r紙袋の魔力,普通の紙袋%r使い方ひとつでおもちゃに早変わり%r破けてしまわないように注意しよう
36,Plastic Bag,ビニールぶくろ,2,0,0,9,141,139,160,160,160,0,"[0, 0, 20, 20, 0, 0, 30, 0, 0, 0, 0, 0, 0, 0]",A normal plastic bag. Place it%rand--presto!--a cat will soon%rappear inside it as if by magic!,Transforming this plastic bag into a cat%rtoy is easy: Just add a cat. Then make%rsure they don't try to eat it.,普通のビニール袋%r置いておくといつの間にか戯れている%rビニール袋の魔力,いたって普通のビニール袋%r工夫ひとつでおもちゃに早変わり%r食べられないように注意しよう
37,Scratching Board,横置き爪とぎ,2,0,0,6,152,150,171,171,171,0,"[20, 0, 20, 0, 0, 0, 30, 0, 0, 0, 0, 0, 0, 20]",A chunk of two-by-four covered with fabric%rthat your cats can sink their claws into.%rBuy one to curb those razor-sharp paws.,Essentially a scratching post that lays%rflat on the ground. Vital for keeping cat%rclaws from growing into cat talons.,横置き置くタイプの爪とぎ%r爪が伸びすぎないための必需品%rお買い忘れないよう,地面に置くタイプの爪とぎ%r爪が伸びすぎないための必需品
38,Scratching Post,縦型縄爪とぎ,2,0,0,6,151,149,170,170,170,0,"[20, 0, 20, 0, 0, 0, 30, 0, 0, 0, 0, 0, 0, 20]",A slightly pricey standing scratching%rpost that allows cats to scratch from a%rnatural posture.,A standing scratching post that cats can%rclutch from a seated or standing position.,少し高価な縦型の爪とぎ%r自然な体勢で爪がとげる優れもの%rバリバリお手入れしよう,垂直に置けるタイプの爪とぎ%r重力を利用して爪がとげる！%rこれは楽！
39,Scratching Log,高級丸太爪とぎ,2,0,0,6,150,148,169,169,169,0,"[20, 0, 20, 0, 0, 0, 0, 30, 0, 0, 0, 0, 0, 0]",An extremely pricey scratching post made%rof hardwood. For discerning cats who%rdemand the real thing.,The genuine article、 for those with%rexpensive tastes. This log adds a touch%rof the great outdoors to your yard.,とても高価な丸太の爪とぎ%r爪とぎの心地よさが段違い%r本物のわかるねこちゃんに,本格高級志向%r堂々たる佇まい%rとても渋い
40,Earthenware Pot,土鍋,2,0,0,9,168,166,192,192,192,0,"[0, 0, 20, 50, 0, 0, 0, 20, 0, 0, 0, 0, 0, 0]",The base of this pot is exactly the right%rsize for a cat. Now wouldn't that make a%rcute picture!,A basic earthenware pot、 with just%renough space inside for a cat to curl%rup and fall asleep.,底の形が体にフィット%rあの写真を撮っちゃおう！,ごく普通の土鍋%r置いているとねこが中に入ってくる%r丸まって寝ることもできる
41,Planter,植木鉢,2,0,0,9,175,173,199,199,199,0,"[20, 0, 20, 0, 0, 20, 0, 0, 30, 0, 0, 0, 0, 0]",To you it's just a flowerpot. To a cat、%rit's an oasis of personal space.,The inside of this flowerpot doesn't%rhave soil、 so cat's can crawl in without%rgetting filthy.,ねこちゃんにとったら%r植木鉢だって立派な遊具です,土の入っていない植木鉢%r中に入って遊んだりもできる
42,Goldfish Bowl,金魚鉢,2,0,0,9,167,165,190,191,190,0,"[0, 50, 0, -50, 50, 0, 0, 30, 0, 0, 0, 0, 0, 0]",A classic goldfish bowl. To cats、%rwatching the fish inside is better%rthan prime-time TV.,A goldfish bowl complete with goldfish.%rThis probably won't end well.,昔ながらの金魚鉢%rゆらゆら動く金魚に夢中,金魚の入った金魚鉢%r泳ぐ姿に興味津々%rいやな予感しかしない
43,Kotatsu,こたつ,2,0,1,8,185,183,210,210,210,0,"[0, -50, 0, 50, 50, 0, 30, 30, 0, 0, 0, 0, 0, 0]",A Japanese-style heated table made just%rfor cats、 especially in winter. Good luck%rgetting them out from underneath it!,It's locked at a low temperature so%rthere's no risk of harming the cats.%rThe tabletop gradually heats up too.,ねこ専用こたつ%rあったかふとんから抜け出せない！%r冬の定番といえばこれ,設定温度も控えめなので%rのぼせる心配なし%r天板もじんわり暖かい
44,Pillow (Yellow),お座布団(黄),1,0,0,4,90,88,95,95,95,0,"[20, 0, 50, 0, 20, 0, 30, 30, 0, 0, 0, 0, 0, 0]",A comfortable cotton pillow. Its yellow%rfabric adds a touch of elegance while%rhiding stains.,A standard pillow that's fairly%rcomfortable. The stuffing will%rcome out if it's scratched.,綿がいいかんじにぺったりした%rお座布団%r渋目の気品を感じさせる黄色,普通の座布団%r座り心地はそんなに悪くない%r引っ掻かれると中身が出てしまう
45,Pillow (Green),お座布団(緑),1,0,0,4,91,89,96,96,96,0,"[20, 0, 50, 0, 20, 0, 30, 30, 0, 0, 0, 0, 0, 0]",A comfortable cotton pillow. The green%rfabric is somehow soothing.,A standard pillow that's fairly%rcomfortable. The stuffing will%rcome out if it's scratched.,綿がいいかんじにぺったりした%rお座布団%r落ち着いた雰囲気を漂わせる緑,普通の座布団%r座り心地はそんなに悪くない%r引っ掻かれると中身が出てしまう
46,Ball of Yarn,毛糸玉,1,0,0,2,10,7,7,7,7,0,"[0, -50, 20, 30, 20, 0, 0, 30, 0, 0, 0, 0, 0, 0]",A long string of yarn rolled into a tight%rball. It's a classic cat toy. Bit of a%rcliche、 really.,Yarn wound round and round into a tight%rball. The woolen thread has a warmth%rto it.,やわらかな毛糸をあえて%rぐるぐるぎゅっと丸めた毛糸玉%r大きめで遊び道具にぴったり,ぐるぐるとボール状に巻かれた%r毛糸の玉%r触るだけで暖かい
47,Giant Cushion,ビッグクッション,1,0,0,4,34,31,32,32,32,0,"[20, 0, 20, 0, 20, 0, 0, 0, 20, 0, 0, 0, 0, 20]",A monster cushion filled with beads. It's%rmade of static-dampening material so your%rcats can romp without getting zapped.,This cushion is large and sturdy enough%rfor fiestas as well as siestas.,大型のビーズクッション%r静電気がおこりにくい素材なので%r安心してごろごろしていただけます,大型のビーズクッション%rしっかりとした布地なので%r人も座れる丈夫さ
48,Hammock (Yellow),ハンモック(黄),1,0,0,10,196,194,221,221,221,0,"[0, 30, 20, -50, 0, 20, 30, 0, 30, 20, 0, 0, 0, 20]",A small hammock made of durable、%rstretchable fabric on a sturdy%rwobble-proof frame.,Felt patches beneath the base help%rreduce noise. The fabric seems sturdy%rand a little stiff.,丈夫でやや伸びる布張りの%r小型ハンモック%rガタつき防止処理済みの台付き,台の底にフェルトがついて%r防音になっている%r布地はすこし硬めで丈夫
49,Hammock (Pink),ハンモック(桃),1,0,0,10,197,195,222,222,222,0,"[0, 30, 20, -50, 0, 20, 30, 0, 30, 20, 0, 0, 20, 20]",A small hammock made of soft、 slightly%rstretchable fabric on a sturdy%rwobble-proof frame.,Felt patches beneath the base help%rreduce noise. The fabric seems soft%rand slightly warm.,柔らかで少し伸びる布張りの%r小型ハンモック%rガタつき防止処理済みの台付き,台の底にフェルトがついて%r防音になっている%r柔らかでほんのり暖かい
50,Luxurious Hammock,高級ハンモック,1,0,0,10,198,196,223,223,223,0,"[0, 30, 20, -50, 0, 20, 0, 0, 20, 30, 0, 0, 0, 0]",A small but luxurious hammock made of%rsuperbly elastic cloth. The frame itself%rbends instead of wobbles.,The flexible base prevents any%rsqueaking or creaking in this%rfinely crafted hammock.,絶妙に伸縮する布張りの%r小型高級ハンモック%r台自体がしなるためガタつかない,少ししなる台になっていて%r多少の揺れではきしまない%r高品質のハンモック
51,Stress Reliever,もっちりボール,1,0,0,2,11,8,8,8,8,0,"[20, 0, 20, 0, 0, 0, 0, 0, 0, 0, 0, 0, 0, 0]",You can't resist squeezing this ball in%ryour hands. Imagine what will happen%rwhen the cats sink their claws into it.,A spongy blob of squishy material shaped%rvaguely like a ball.,もっちりとした不思議な感触%r不思議な感触にねこちゃんも%rきっと夢中！？,もちもちとした不思議な感触の%rボール状のなにか
52,Hot Mat (Small),ホットカーペットS,2,0,0,8,183,181,208,208,208,0,"[0, -50, 0, 50, 50, 0, 30, 0, 0, 0, 0, 0, 0, 0]",A small mat that delivers a lot of heat.%rSaves on electricity bills、 too!,It's pretty small、 so the cats won't have%rmuch room to stretch out.,小さいけれどしっかりした暖かさ%rしかも省エネ！%r,小スペースなので%r場所を選ばない
53,Hot Mat (Large),ホットカーペットＬ,2,0,1,8,182,180,207,207,207,0,"[0, -50, 0, 50, 50, 0, 30, 0, 0, 0, 0, 0, 0, 0]",A fairly big heat mat. Multiple layers%rof insulation keep the hot side hot.,The mat is warm、 soft、 and offers plenty%rof room to stretch out or roll around.,すこし大きめのホットカーペット%r断熱素材入りの多重層構造で%r熱を逃がさず抜群の保温性,ふんわりとした感触で%rすわるもよし、伸びるもよし%rころがるもよし！
54,Wild-thing Teaser,毛玉じゃらし,2,0,0,6,125,123,133,134,133,0,"[20, 0, 20, 0, 0, 0, 30, 0, 0, 0, 0, 20, 0, 20]",Talk about a big tease! Just try to stop%ryour cats from pouncing at this fluffy%rfur ball.,No cat can resist an exploratory pounce%rat this mysterious ball of fur.,ついつい手が出るフワフワ毛玉%r何度でもじゃらされてしまう,得体の知れない毛玉に%rとりあえずちょっかいを%r出してみたいらしい
55,Fruit Basket,果物カゴ,2,0,0,9,163,161,186,186,186,0,"[20, 0, 20, 0, 0, 0, 0, 0, 20, 0, 0, 20, 0, 0]",A basket made to display fruit in an%rappetizing manner.,"Fruit basket? More like ""feline basket""%ronce your cats get a load of this thing. ",いろんな果物をおいしそうに%r見せることができるカゴ,そこに収まるべきはくだもの%rだけではないことを教えてくれる
56,Warm Sock,あったかくつした,1,0,0,8,199,197,224,224,224,0,"[0, -50, 0, 50, 0, 0, 0, 0, 20, 0, 0, 0, 0, 20]",A sock made of fluffy、 stretchy material%rfrom ankle to toe. One size fits all.,A sock made out of a soft and stretchy%rmaterial.,ふんわりやわらか素材を使用%r足先まであったか%r伸縮性の高いフリーサイズ,よく伸び縮みする素材の%rもこもこのくつした
57,Pom-pom Sock,ぼんぼんくつした,1,0,0,8,200,198,225,226,225,0,"[0, -50, 0, 50, 0, 0, 0, 0, 20, 0, 0, 0, 0, 20]",A sock made of fluffy、 stretchy material%rfrom ankle to toe. One size fits all.,A sock made out of a soft and stretchy%rmaterial、 with cute pom-poms to boot.,ふんわりやわらか素材を使用%r足先まであったか%r伸縮性の高いフリーサイズ,よく伸び縮みする素材の%rもこもこのくつした%rボンボンがかわいい
58,Heating Stove,ストーブ,2,0,1,8,188,186,213,213,213,0,"[0, -50, 0, 50, 50, 0, 0, 0, 50, 30, 0, 0, 0, 20]",This old-school kerosene stove is nothing%rfancy、 but it sure warms up a room.,A kerosene-burning stove that will warm%rany cat's cockles.,むかしながらの灯油タイプの%rストーブでほっこりしてみませんか？,灯油をいれるタイプのストーブ%r天板でなんでも温められる
59,Panel Heater,パネルヒーター,2,0,1,8,187,185,212,212,212,0,"[0, -50, 0, 50, 50, 0, 0, 0, 20, 30, 20, 0, 0, 20]",The penetrating warmth of this%rsvelte heater might attract cats%rfrom neighboring states.,A heater that gently warms up everything%raround it. The spot right in front is%rprime seating for cats.,体を芯から暖める%rひだまりのような暖かさで%rねこちゃんを惹きつけます,じんわりと周りから%r暖めてくれるヒーター%r正面はねこたちの特等席
60,Space Heater,ファンヒーター,2,0,1,8,181,179,206,206,206,0,"[0, -50, 0, 50, 50, 0, 0, 0, 20, 30, 20, 0, 0, 20]",This heater's powerful fans banish chilly%rair and cold drafts.,Cats don't understand how this strange%rmachine generates gales of hot wind、%rbut they're cool with it anyway.,力強い温風が寒さを一気に%r吹き飛ばしてくれます,暖かい風を吹き出す不思議な装置を%rとても柔軟に受け入れてくれます
61,Sheep Cushion,ひつじクッション,1,0,0,4,72,70,74,74,74,0,"[20, -50, 20, 30, 20, 0, 0, 0, 20, 0, 0, 20, 0, 0]",All the dreamy deep-sleep potential of%rthe fluffy cushion、 now in the shape of%ra sheep. A triumph of pillow science!,Like the fluffier cousin of the%rfluffy cushion.,進化したもこもこクッション%rこんどのもこもこはなんと羊！,見た目は似ていても%rもこもこクッションよりも%rふかふかしている
62,Cake Box,ケーキ箱,1,0,0,9,21,18,18,18,18,0,"[0, 0, 0, 50, 20, 0, 0, 0, 0, 0, 0, 30, 30, 0]",Someone ate the cake inside. Only a whiff%rof icing remains.,A sweet box like this is sure to pique%ra cat's curiosity.,中身がカラっぽのケーキ箱%rほんのり甘いにおい,そこに箱があるから%rねこたちの探究心をくすぐる
63,Clay Pot,壷,2,0,0,9,172,170,196,196,196,0,"[0, 20, 20, 0, 0, 20, 0, 30, 0, 0, 0, 0, 0, 0]",A pot that keeps its contents at a%rconstant temperature. Bound to%rbecome the next cat hot spot.,The sort of pot you'd expect to collect%rdust in a cat-free home. But this one's%rready for cat-attraction action.,中の温度を一定に保ってくれる%r発酵食品の保存にぴったり！,お漬物が入ってそうな%rそれっぽい感じのつぼ%r未使用なのでにおいは無い
64,Bucket (Blue),バケツ(青),2,0,0,9,155,153,175,175,175,0,"[20, 0, 20, 0, 0, 20, 30, 0, 20, 0, 0, 0, 0, 0]",A sturdy、 blue、 all-purpose bucket.%rIdeal for mopping the floor、 gardening、%rand any other bucket-based activities.,Buckets like this always come in handy、%ralthough it's hard finding a place to%rput them.,軽くて丈夫な青色の万能バケツ%r掃除、園芸なんでも使えます,あると便利だけど%rふだんの置き場に困ったり
65,Sakura Pillow,さくら座布団,1,0,0,4,87,85,92,92,92,0,"[50, 0, 0, 0, 20, 0, 0, 50, 0, 0, 0, 0, 0, 0]",A pillow with a lovely cherry-blossom%rpattern. Stylish and silky-soft.,The floral pattern on this pillow will%rbring a splash of spring to any room、%reven on dreary days.,絹のさらさらとした触り心地%rさくら柄の座布団,さくら柄でとても華やかな%r置くだけで春を感じられる座布団
66,Carp Tunnel,鯉のぼりトンネル,2,0,1,5,115,113,119,119,119,0,"[30, 0, 20, 0, 0, 0, 0, 20, 0, 0, 0, 0, 0, 0]",A tunnel modeled after a wind sock modeled%rafter a carp. Perhaps the fish scales will%rstimulate the cats?,Just a cat tunnel with a carp pattern%rpainted onto it. The cats probably won't%reven notice.,鯉のぼりのトンネル%r魚の模様がねこたちを刺激する？！,トンネルのおもちゃに%r鯉のぼりの柄をつけただけ%rねこたちには関係ないかもしれない
67,Basket Case,ねこちぐら,1,0,0,4,39,36,38,38,38,0,"[0, 50, 30, -50, 0, 0, 0, 30, 0, 0, 0, 0, 0, 0]",A traditional、 handcrafted straw basket%rthat cats will crawl right into.,This basket's warm material blocks light、%rcreating a tip-top napping spot.,素朴な感じのするワラで編まれた%rねこ用の伝統工芸品,吸湿性と適度なぬくもりが感じられる%r中が薄暗いのも人気らしい
68,Art Deco Cat Tree,モダンタワー,1,0,1,5,108,106,112,112,112,0,"[20, 0, 20, 0, 0, 0, 0, 0, 0, 50, 0, 0, 0, 0]",If Frank Lloyd Wright designed cat%rtoys、 it would look like this piece%rof modern art.,A cat toy for people who don't want to%rsacrifice style. It's sturdily built、%rso there's no fear of it toppling over.,おしゃれな雰囲気のタワー%rインテリアとしてもご利用いただけます,部屋を選ぶデザインのタワー%rつくりはしっかりしているので%r倒れる心配はなさそう
69,Kick Toy (Mouse),けりぐるみ(ねずみ),2,0,0,6,126,124,135,136,135,0,"[20, 0, 20, 0, 0, 0, 30, 0, 0, 0, 30, 20, 0, 20]",A stuffed animal that’s more fun to kick%rthan hug thanks to its long、 skinny body.,A mouse-shaped toy that triggers a%rcat's batting instincts.,ねこキック用のぬいぐるみ%r細長い形状で抱き心地%rケリ心地抜群！,なぜか本能をくすぐられる%rちょうど良い大きさと弾力の%rねずみ型のけりぐるみ
70,Kick Toy (Fish),けりぐるみ(お魚),2,0,0,6,127,125,137,138,137,0,"[20, 0, 20, 0, 0, 0, 30, 0, 0, 0, 30, 20, 0, 20]",A stuffed animal that’s more fun to kick%rthan hug thanks to its long、 skinny body.,A fish-shaped toy that triggers a%rcat's batting instincts.,ねこキック用のぬいぐるみ%r細長い形状で抱き心地%rケリ心地抜群！,なぜか本能をくすぐられる%rちょうど良い大きさと弾力の%rお魚型のけりぐるみ
71,Kick Toy (Bunny),けりぐるみ(うさぎ),2,0,0,6,130,128,143,144,143,0,"[20, 0, 20, 0, 0, 0, 30, 0, 0, 0, 30, 20, 20, 20]",A stuffed animal that’s more fun to kick%rthan hug thanks to its long、 skinny body.,A bunny-shaped toy that triggers a%rcat's batting instincts.,ねこキック用のぬいぐるみ%r細長い形状で抱き心地%rケリ心地抜群！,なぜか本能をくすぐられる%rちょうど良い大きさと弾力の%rうさぎ型のけりぐるみ
72,Rubber Ball (Yellow),ゴムボール(黄),1,0,0,2,8,5,5,5,5,0,"[20, 0, 20, 0, 0, 0, 30, 0, 0, 0, 30, 0, 0, 0]",A yellow rubber ball with a satisfying%rbounce and soft squeeze that won't%rwear out your fingers.,A bit on the big side、 which means plenty%rof bounce per pounce.,ぼよんぼよんとはねる%rゴム製の黄色いボール%r柔らかさと弾力で飽きがこない！,ちょっと大きめだけど%rゴムの弾力でぐいぐいする%rのがなんかイイらしい
73,Rubber Ball (Blue),ゴムボール(青),1,0,0,2,7,4,4,4,4,0,"[20, 0, 20, 0, 0, 0, 30, 0, 0, 0, 30, 0, 0, 0]",A blue rubber ball with a satisfying%rbounce and soft squeeze that won't%rwear out your fingers.,A bit on the big side、 which means plenty%rof bounce per pounce.,ぼよんぼよんとはねる%rゴム製の青いボール%r柔らかさと弾力で飽きがこない！,ちょっと大きめだけど%rゴムの弾力でぐいぐいする%rのがなんかイイらしい
74,Cushion (Yellow),クッション(ｲｴﾛｰ),1,0,0,4,54,52,54,54,54,0,"[50, 0, 20, 0, 20, 0, 20, 0, 30, 0, 30, 0, 0, 20]",A fluffy pillow made of special%rmaterial that repels cat hair.%rAvailable in bold yellow.,A bright yellow cushion made of soft、%rfluffy material.,ふんわりくっしょん%rぬけ毛がからまない生地を採用%rあかるい気分のイエロー,あかるいイエローのクッション%rふんわりとした座り心地
75,Cushion (Green),クッション(ｸﾞﾘｰﾝ),1,0,0,4,55,53,55,55,55,0,"[50, 0, 20, 0, 20, 0, 20, 0, 30, 0, 30, 0, 0, 20]",A fluffy pillow made of special%rmaterial that repels cat hair.%rAvailable in calming green.,A calming green cushion made of soft、%rfluffy material.,ふんわりくっしょん%rぬけ毛がからまない生地を採用%rしっとりさわやかグリーン,爽やかなグリーンのクッション%rふんわりとした座り心地
76,Sakuramochi Cushion,桜餅クッション,1,0,0,4,29,26,27,27,27,0,"[50, 0, 0, 0, 20, 0, 0, 30, 0, 0, 0, 0, 30, 0]",Kitties can't resist sinking into this%rsquishy cushion modeled after a chewy%rJapanese sweet treat.,This snack-shaped cushion is so soft、%ryour cat will think it's sinking!,桜餅とねこ！%rもちもちしたクッションが%rねこちゃんを包み込みます,ふっくらもちっとしたクッション%rやわらかすぎて埋もれてしまう
77,Hammock (Woven),ハンモック(ゴザ),1,0,0,10,206,204,231,231,231,0,"[0, 50, 20, -50, 0, 20, 30, 0, 30, 20, 0, 0, 0, 20]",A small hammock made of finely woven%rreeds on a sturdy wobble-proof frame.,Felt patches beneath the base help reduce%rnoise. The woven-reed fabric is breathable%rand mildew-resistant.,細かく編まれたゴザ張りの%r小型ハンモック%rガタつき防止処理済みの台付き,台の底にフェルトがついて%r防音になっている%r通気性もよく蒸れない
78,Fish-stick Tunnel,ちくわトンネル,2,0,1,5,114,112,118,118,118,0,"[30, 0, 20, 0, 0, 0, 0, 0, 0, 0, 0, 0, 0, 0]",A tunnel inspired by a piece of processed%rfish. It's the sort of thing kitty dreams%rare made of.,Just a cat tunnel with a fish-cake%rpattern painted onto it. The cats%rprobably won't even notice.,ちくわを模したトンネル%r夢のように大きなちくわで%r思う存分に楽しもう,トンネルのおもちゃに%rちくわ柄をつけただけ%rねこたちには関係ないかもしれない
79,Cow Tunnel,トンネルホルスタイン,2,0,1,5,121,119,125,125,125,0,"[20, 0, 20, 0, 0, 0, 0, 0, 0, 0, 0, 30, 0, 0]",Cows are the world's most productive%rdairy animal. Cats love milk.%rErgo、 cats will enjoy this toy.,A high-concept tunnel toy.%rHey、 it sounded good on paper...,あなたのねこちゃんが牛に！？%r遊んでいる姿はもはや牛！,コンセプト自体が謎な%r筒型のおもちゃ%rねこが来てこそ完成するらしい
80,Butterfly Swarm,蝶々じゃらし,2,0,0,6,123,121,129,130,129,0,"[20, 0, 20, 0, 0, 0, 0, 0, 20, 30, 30, 20, 0, 20]",These toy butterflies flap around like%rthe real deal. What cat could resist%rthe temptation to catch one?,Your cats will become a blur the second%rthey see those little wings whir.,まるで蝶のようにひらひらと動き%r捕まえずにはいられない！,風でひらひらと動く%r細かく動く翅を捕まえたい%r衝動にかられるらしい
81,Pickling Pot,梅壷,2,0,0,9,174,172,198,198,198,0,"[0, 20, 20, 0, 0, 20, 0, 30, 0, 0, 0, 0, 0, 0]",A pot that keeps its contents at a%rconstant temperature. It's perfect%rfor pickling.,The sort of pot you'd expect to see used%rfor pickling in a cat-free home. It's%rglossy surface is sure to attract cats.,中の湿度を一定に保ってくれる%r梅干し保存にぴったり！,梅干が入ってそうな%rそれっぽい感じのつぼ%r表面がつやつやしている
82,Temari Ball,まり,1,0,0,2,14,11,11,11,11,0,"[20, -50, 0, 30, 0, 20, 0, 50, 0, 0, 0, 0, 0, 0]",Real Temari Balls are fine pieces of%rJapanese folk art fashioned from layers%rof fabric. This one's made for cats.,Instead of real silk、 this ball is%rfashioned from layers of shiny fabric%rwith a tiny bell hidden inside.,本物の手まりのような質感の%rねこちゃん用のまりです,絹ではないがツヤのある%r繊維で編まれた鞠%r中に鈴が入っている
83,Bucket (Red),バケツ(赤),2,0,0,9,156,154,176,176,176,0,"[20, 0, 20, 0, 0, 20, 30, 0, 20, 0, 0, 0, 20, 0]",A sturdy、 red、 all-purpose bucket. Ideal%rfor clamming、 gardening、 and any other%rbucket-based activities.,Buckets like this always come in handy、%ralthough it's hard finding a place to%rput them.,軽くて丈夫な赤色の万能バケツ%r潮干狩り、園芸なんでも使えます,あると便利だけど%rふだんの置き場に困ったり
84,Bucket (Yellow),バケツ(黄),2,0,0,9,157,155,177,177,177,0,"[20, 0, 20, 0, 0, 20, 30, 0, 20, 0, 0, 0, 0, 0]",A sturdy、 yellow、 all-purpose bucket.%rIdeal for building sand castles、%rplaying in the dirt、 etc.、 etc.,Buckets like this always come in handy、%ralthough it's hard finding a place to%rput them.,軽くて丈夫な黄色の万能バケツ%r砂遊び、土遊びなんでも使えます,あると便利だけど%rふだんの置き場に困ったり
85,Watermelon Ball,スイカ玉,1,0,0,2,9,6,6,6,6,0,"[0, 50, 0, -50, 0, 0, 0, 0, 0, 0, 0, 0, 0, 0]",A big ball with a watermelon print. Looks%rrefreshing until you bite into vinyl.,Made from a thick、 claw-resistant vinyl.,スイカ模様の大きめボール%r暑い季節は見てるだけで%r涼しいかも？,厚みのあるソフトビニール製%r爪をたてても大丈夫そう
86,Cardboard Cafe,カフェデラックス,1,0,1,3,24,21,21,21,21,0,"[20, 0, 20, 0, 20, 0, 0, 0, 0, 20, 0, 30, 20, 20]",A quaint bistro cut from a cardboard box.%rYour cats will think they've landed in%rthe south of France.,From its rounded roof to its tiny counter、%rthis bistro is the cat's pajamas.,ダンボール職人第二弾！%r今度はオシャレなカフェで%rゆったりおすごしください,まるく可愛いやねに%r小さなカウンターまである%r立派なお店
87,Cool Aluminum Pad,極冷アルミプレート,1,0,0,7,25,22,22,22,22,0,"[0, 50, 0, -50, 50, 0, 0, 0, 0, 20, 0, 0, 0, 0]",This simple metal plate can cool a small%rarea on a hot day. Easy to clean、 too.%rJust wipe it down and you're done!,An aluminum plate that is cool to the%rtouch. It might heat up quickly if you%rleft it in the sun.,暑い日に快適エリアを作成！%r表面は防汚塗装がされているので%rお手入れもさっと拭くだけ,触るとひやっとする%rアルミ製プレート%r日の当たる場所は熱そう
88,Marble Pad,天然大理石プレート,1,0,0,7,44,42,44,44,44,0,"[0, 50, 0, -50, 50, 0, 0, 0, 0, 30, 0, 0, 0, 0]",An elegant stone slab with a polished%rsurface. The edges are rough hewn to%ravoid slippage.,A heavy marble slab that is cool to the%rtouch. It might heat up quickly if you%rleft it in the sun.,上品な色合いの大理石を使用%r表面のみを磨き上げているので%rすべりません,ひんやりとした大理石%rずっしりとしている%r日が当たる場所は熱そう
89,Large Cooling Mat,ひんやりマットＬ,1,0,1,7,50,48,50,50,50,0,"[0, 50, 0, -50, 50, 0, 0, 0, 0, 0, 0, 0, 0, 0]",A large cushion packed with scientifically%rformulated cooling gel.,Your hands leave deep prints in the%rsquishy gel、 but it should be okay%rfor cats.,ひんやりクッションジェルを%rふんだんに使用した%r大型ひんやりマット,寝そべると体重で%rジェルが移動しちゃうけど%rねこたちなら大丈夫そう
90,Bonito Bitz,かつおぶし猫缶,1,1,3,1,142,140,161,161,161,0,"[0, 0, 0, 0, 0, 0, 0, 0, 0, 0, 0, 0, 0, 0]",Our gourmet canned feast、 now with a%rdash of bonito flakes to fuel your%rcats' active lifestyles.,A can with a packet of reduced-salt bonito%rflakes. Perhaps this will keep your cats'%rengines purring longer.,大人気猫缶にかつおぶしの%rふりかけ付きが登場！%r長時間の満足を保障！,かつおぶし(減塩タイプ)の%rふりかけつきの猫缶%rねこたちの遊ぶ時間が延びるかも
95,Yard Expansion,にわさき拡張,2,0,0,11,2,-1,0,0,0,0,"[0, 0, 0, 0, 0, 0, 0, 0, 0, 0, 0, 0, 0, 0]",Expand your cats' play space into the%radjacent room、 which will allow you to%rplace more stuff!,,ねこたちを集める場所を%rお部屋側へ広げます%rより沢山のグッズを設置できます,
96,Deluxe Tuna Bitz,高級マグロ猫缶,1,1,3,1,146,144,165,165,165,0,"[0, 0, 0, 0, 0, 0, 0, 0, 0, 0, 0, 0, 0, 0]",Even the most finicky of felines will%rcrave this fresh catch. Cats will%rpractically teleport to the bowl!,If your mouth waters when you pop the top%rof this fancy feast、 imagine how the cats%rwill react!,上質のマグロのみを使用することで%r味にうるさいねこちゃんも大絶賛！%rねこちゃんとの距離もぐっと近づくはず！,パキュ！の音とともに溢れる香りが%rねこたちを惹きつけてやまない%r
97,Gold Fish Exchange,金にぼし交換,2,0,0,11,0,-1,0,0,0,0,"[0, 0, 0, 0, 0, 0, 0, 0, 0, 0, 0, 0, 0, 0]",Exchange 500 normal fish for 10 gold fish.,,ふつうのにぼし500こを%r金にぼし10こに交換,
98,Frisky Bitz,高級かりかり,1,1,3,1,144,142,163,163,163,0,"[0, 0, 0, 0, 0, 0, 0, 0, 0, 0, 0, 0, 0, 0]",Made from nutritious and delicious farm-%rto-bowl ingredients、 Frisky Bitz might%rboost your powers of cat attraction.,Finicky felines prefer Frisky Bitz for%rits organic ingredients and rich flavor.,高品質な食材を使用した%rバランスのとれた総合栄養食%rねこあつめ力がアップ！,高級なかりかり%r豪華な材料が使われていて%r味もなかなか良い
99,Fish Exchange,にぼし交換,2,0,1,11,1,-1,0,0,0,0,"[0, 0, 0, 0, 0, 0, 0, 0, 0, 0, 0, 0, 0, 0]",Exchange 10 gold fish for 250 normal fish.,,金にぼし10こを%rふつうのにぼし250こに交換,
100,Paper Umbrella,のだてがさ,1,0,1,10,211,209,236,236,236,0,"[30, 50, 0, -50, 0, 50, 0, 50, 0, 0, 0, 0, 0, 0]",Transform any room into a Japanese%rtea garden with this handcrafted%rpaper umbrella.,A big umbrella that makes an even bigger%rstatement. The canopy is fashioned from%rtraditional Japanese paper.,置くだけでお茶会の雰囲気%rどこに置いても和の空間に%r早変わり！,存在感抜群の大型傘%r傘の部分は和紙みたい
101,Beach Umbrella,ビーチパラソル,1,0,1,10,209,207,234,234,234,0,"[0, 50, 0, -50, 0, 50, 0, 0, 20, 0, 0, 0, 0, 0]",This canopy's breathable fabric blocks%rharmful UV rays to keep your cats safe%rfrom sunburn.,Perfect for enjoying the surf or your%rbackyard turf、 this umbrella casts a%rwide shadow.,日除けはもちろん風通しも抜群の%r繊維を使用しています%rUVカット加工も万全！,大きな影を作ってくれる%rビーチで定番のパラソル
102,Glass Vase,ガラス花瓶,2,0,0,9,162,160,185,185,185,0,"[0, 50, 0, -50, 50, 0, 0, 0, 30, 20, 0, 0, 0, 0]",A famous glass blower made this vase.%rIts wide mouth can hold an entire bouquet%rwith little arranging.,A large glass vase. Could a cat fit in%rthis? Only one way to find out.,人気のガラス職人がつくる花瓶%r幅の広い口になっているので%r花束をそのまま飾れます,ガラスでできた大きな花瓶%rねこなら入れそう？
103,Tent (Pyramid),テント・ピラミッド,1,0,0,10,202,200,230,230,230,0,"[0, 50, 0, -50, 0, 20, 0, 0, 30, 0, 0, 20, 0, 0]",This pleasantly cool pop tent can be%rstored when not in use. It's a tomb%rwith a view!,Ancient Egyptians worshipped cats、%rand now you can、 too!,中はひんやり爽やか%r折りたたんで収納可能！%rこれなら暑さも関係ない！？,生地に張りのあるテント%r風通しはいいみたい
104,Tent (Nature),ナチュラルテント,1,0,0,10,203,201,230,230,230,0,"[20, 30, 20, -50, 0, 20, 30, 0, 30, 0, 0, 20, 0, 0]",This pleasantly cool pop tent can be%rstored when not in use. The natural%rcolors are a breath of fresh air.,A surprisingly sturdy tent in spite of%rits thin material. The fabric ripples%rin the wind.,中はひんやり爽やか%r折りたたんで収納可能！%r自然な色が心地よい風を演出,意外としっかりとした%r薄い生地のあるテント%r風でたなびく
105,Tent (Modern Red),テント・レッドモダン,1,0,0,10,204,202,230,230,230,0,"[20, 30, 20, -50, 0, 20, 0, 0, 30, 50, 0, 20, 0, 0]",This pleasantly cool pop tent can be%rstored when not in use. The color%rscheme is best described as modern.,An impressive and somewhat imposing%rtent. The thick material keeps the%rinterior nice and dark.,中はひんやり爽やか%r折りたたんで収納可能！%rアーティフィカルな色合い,骨太の重みのあるテント%r厚みのある生地なので%r中は結構薄暗い
106,Tent (Blizzard),テント・ブリザード,1,0,0,10,205,203,230,230,230,0,"[0, 50, 0, 50, 0, 20, 0, 0, 30, 0, 0, 20, 0, 0]",This pleasantly cool pop tent can be%rstored when not in use. This version%ris modeled after arctic igloos.,"A normal tent despite its chilly%rappearance. You might say it looks%rmore ""cold"" than ""cool.""",中はひんやり爽やか%r折りたたんで収納可能！%r氷のかまくらをイメージ,見た目以外は普通のテント%r涼しそうというより冷たそう？
107,Pepper,Pepper,2,0,1,8,215,213,243,243,243,0,"[0, -50, 0, 50, 50, 0, 0, 0, 0, 30, 50, 0, 0, 0]",A personal robo-pal programmed to read%remotions. Pepper will treat your felines%rlike family. [*For indoor-use only.],Who knows if Pepper can read feline%remotions、 but he sure is warm to the%rtouch. [*For indoor-use only.],感情認識型パーソナルロボット%rねこたちをあたたかく%r見守ってくれます【※室内専用グッズ※】,ねこたちの気持ちまで%rよみ取ってくれるか分からないが%r触れるとほんのり暖かい【※室内専用グッズ※】
108,Toy Capsule,カプセル玉,1,0,0,2,5,2,2,2,2,0,"[20, 0, 20, 0, 0, 0, 0, 0, 0, 0, 0, 0, 0, 0]",You'll need to buy this if you want to%rsee what's inside. Your cats might be%rjust as interested!,This is just an empty capsule from one%rof those turn-crank machines. You can%rput whatever you want inside.,中身の入っていないカプセル%r空でもねこの食いつきはバッチリ,空のカプセル%r中に何をいれるかは%rあなたしだい
109,Maple Pillow,もみじ座布団,1,0,0,4,86,84,91,91,91,0,"[0, 0, 50, 0, 20, 0, 0, 50, 0, 0, 0, 0, 0, 0]",A maple-print pillow. The fabric feels%rsmooth and silky.,The maple-leaf pattern on this pillow will%r bring a dash of autumn to any room.,絹のさらさらとした触り心地%r秋柄の座布団,紅葉柄が鮮やかで美しい%r置くだけで秋を感じられる座布団
110,Orange Cube,オレンジキューブ,1,0,0,4,192,190,217,217,217,0,"[0, -50, 20, 20, 20, 0, 0, 0, 0, 30, 20, 0, 0, 20]",A bright orange cube equipped with a soft%rcushion and a rigid hammock.,A sunny cube complete with a hammock.%rIt's a rejuvenating spot to catch 40%rwinks or just lay low for a while.,低反発のハンモックと%r柔らかクッションを採用%r明るく賑やかなオレンジ,陽気なオレンジのキューブハンモック%r寝る、ひそむ、もぐるができる%r癒しスポット
111,Navy-blue Cube,ネイビーキューブ,1,0,0,4,193,191,218,218,218,0,"[0, -50, 20, 20, 20, 0, 0, 0, 0, 30, 20, 0, 0, 20]",A chic and calming navy-blue cube equipped%rwith a soft cushion and a rigid hammock.,A chic navy-blue cube complete with a%rhammock. It's a rejuvenating spot to%rtake a nap or just hide out for a while.,低反発のハンモックと%r柔らかクッションを採用%r落ち着きのあるシックなネイビー,シックなネイビーのキューブハンモック%r寝る、ひそむ、もぐるができる%r癒しスポット
112,Tiramisu Cube,ティラミスキューブ,1,0,0,4,194,192,219,219,219,0,"[0, -50, 20, 20, 20, 0, 0, 0, 0, 30, 20, 0, 50, 0]",Indulge your cats lounging instincts%rwith this decadent tiramisu-themed%rhammock cube.,A short-but-sweet tiramisu hammock cube.%rFat free but not cat free.,中はふわしゅわ濃厚ティラミスに%r心もからだもとろけちゃいそう,ティラミス型の%rふわしゅわキューブハンモック%rカカオは不使用
113,Dice Cube,サイコロキューブ,1,0,0,4,191,189,216,216,216,0,"[0, -50, 20, 20, 20, 0, 0, 0, 0, 30, 20, 0, 0, 20]",Press your luck and roll the dice!%rThis Vegas-themed hammock cube%rwill class up any joint.,It might look tight but it's surprisingly%rcozy. Let see if you get a lucky roll.,思わず振ってしまいそう！？%rサイコロ型ハンモッククッション%rちょっとした部屋のアクセントにも,狭そうに見えて意外と快適%r出る目もねこには%r関係ないみたい
114,Bureau with Pot,壷つき和箪笥,1,0,1,5,102,100,106,106,106,0,"[0, 0, 30, 30, 50, 0, 0, 50, 0, 0, 0, 0, 0, 0]",An elegant、 stair-shaped、 Japanese-style%rbureau with a flowery interior and a%rcypress finish.,Hewn from porous paulownia wood、 this%rbureau stays cool in summer and toasty%rin winter.,前板は桧、内部は桐を使用した%r重厚な高級和箪笥階段%r,通気性の良い桐材を%r使用しているため%r夏はひんやり冬はぬくぬく
115,Kick Toy (Saury),けりぐるみ(サンマ),2,0,0,6,128,126,139,140,139,0,"[20, 0, 50, 0, 0, 0, 30, 30, 0, 0, 30, 20, 0, 0]",A stuffed animal that’s more fun to kick%rthan hug thanks to its long、 skinny body.,A fish-shaped toy that triggers a cat's%rbatting instincts.,ねこキック用のぬいぐるみ%r細長い形状で抱き心地%rケリ心地抜群！,なぜか本能をくすぐられる%rちょうど良い大きさと弾力の%r秋の味覚仕様のけりぐるみ
116,Zebra Grass Gadget,すすきじゃらし,2,0,0,6,134,132,150,151,150,0,"[20, 0, 50, 0, 0, 20, 0, 20, 0, 0, 0, 20, 0, 0]",Watch your cats fascination turn to%robsession. It has a fluffy teaser tip%rthey just. Can't. Resist.,You're starting to worry your cats might%rhave a problem with this thing.,我を忘れてじゃれてしまう%rホワホワな穂先に%r逃れることはできません！,じゃれるねこに%r怪我をしないか少しハラハラ
117,Pile of Leaves,ぽんぽん落ち葉山,2,0,0,8,68,66,68,69,68,0,"[0, -50, 50, 30, 0, 0, 0, 30, 0, 0, 0, 0, 0, 0]",Felt leaves sewn together to create%ra soft、 warm pile. Now your cats can%renjoy the fall all year round.,You feel a twinge of nostalgia when you%rlook at this pile of leaves. Would anyone%rnotice if you jumped in?,紅葉柄のフェルトを縫い合わせて%r軽く肌触りが良くあったかい%r秋を全身で感じられます！,どこかおセンチになってしまう%r紅葉をまじえた%r布製落ち葉山
118,Wood Pail,たらい,2,0,0,9,169,167,193,193,193,0,"[0, 0, 50, 30, 0, 0, 0, 30, 0, 0, 0, 0, 0, 0]",Made of locally sourced sawara cypress、%rthis rustic pail recreates the ambience%rof a hot spring in the countryside.,With this wooden pail and hand towel、 you%rcan almost hear the splish-splash of your%rfavorite hot springs.,さわら材国産天然木を使用%rおうちにいながら%r温泉気分を気軽に楽しめます,木製素材のたらいと手ぬぐい%rどこからかともなく%r風呂場の音が聞こえてきそう
119,Chestnut Cushion,いがぐりクッション,1,0,0,4,47,45,47,47,47,0,"[0, -50, 50, 0, 20, 0, 0, 30, 0, 0, 0, 0, 0, 0]",Ensconce your cats in the cozy confines%rof this autumnal cushion. They won't be%rable to keep their eyes open!,A cushion shaped liked a chestnut burr、%rcomplete with prickles.%r[*Prickles are not actually prickly.],秋の味覚に包まれて%r気づけば、うとうと…%rインテリアにも◎,イガの付いた栗型クッション%rクッションなので%r触っても痛くない
120,Cat Macaron (Pink),ねこマカロン(ﾋﾟﾝｸ),2,0,0,9,100,98,104,104,104,0,"[0, 20, 20, 0, 20, 0, 0, 0, 0, 0, 0, 20, 50, 0]",Your felines will luxuriate in this%rcolorful cloth cookie. Available in%ra girly pastel pink.,A domed cushion fashioned after a macaron%rin a glossy、 cutesy pink. It makes a nice%rhiding spot for cats.,つやつやのマカロン生地に%rねこたちを贅沢にサンド%r乙女チックなパステルピンク,表面につやのあるキュートなピンクの%rマカロン型ドームハウス%rねこたちのちょっとした隠れ家
121,Cat Macaron (Green),ねこマカロン(ｸﾞﾘｰﾝ),2,0,0,9,99,97,103,103,103,0,"[0, 20, 20, 0, 20, 0, 0, 0, 0, 0, 0, 20, 50, 0]",Your felines will luxuriate in this%rcolorful cloth cookie. Available in%ra soothing pastel green.,A domed cushion fashioned after a macaron%rin a trendy pastel green. It makes a nice%rhiding spot for cats.,つやつやのマカロン生地に%rねこたちを贅沢にサンド%r優しいパステルグリーン,表面につやのあるポップなグリーンの%rマカロン型ドームハウス%rねこたちのちょっとした隠れ家
122,Cat Pancake,ねこどらやき,2,0,0,9,98,96,102,102,102,0,"[0, 20, 20, 0, 20, 0, 0, 30, 0, 0, 0, 0, 30, 0]",This cushion looks so tasty、 you almost%rwant to drizzle syrup all over it.%r[*Applying syrup voids warranty.],Puffy and soft to the touch、 and not too%rspacious on the inside. Your cat wouldn't%rwant it any other way.,外はふっくら、中はしっとり%rねこちゃんたちを%r優しくはさみこみます,ふっくらやわらかな触り心地%r少し狭いのがなんだか落ち着く
123,Black Head Space,ドーム型ブラック,1,0,0,4,46,44,46,46,46,0,"[20, -50, 20, 50, 20, 0, 30, 0, 20, 30, 30, 0, 0, 20]",Give your feline some me time in this%rstylish cushion shaped like a cat's%rcabeza. Adds modern flair to any yard.,This stark and stylish head-shaped%rcushion creates the perfect private%rspace for a catnap.,大きな口におしゃれな耳%rほどよいサイズのマイスペース%rモノトーンで大人な配色,白黒モダンテイストな%r屋根のついたクッション%r適度な暗さがお昼寝にピッタリ
124,Cardboard Choo-choo,機関車デラックス,1,0,1,3,16,13,13,13,13,0,"[20, 0, 20, 0, 0, 50, 0, 0, 0, 0, 0, 50, 0, 0]",All aboard the crazy train! This cardboard%rlocomotive will drive your cats loco.,This choo-choo's mournful steam whistle%rinstills nostalgia in your cats.%r[*Actual steam boiler not included.],ダンボール職人第三弾！%rまるで西部劇に登場したみたい？！%rねこたちの冒険心をくすぐります,ダンボールなので煙はでない%r黒光りした車体が美しい%r
125,Burger Cushion,バーガークッション,1,0,0,4,37,34,35,36,35,1,"[20, -50, 20, 30, 20, 0, 0, 0, 0, 0, 0, 50, 0, 0]",With its bean-bag patty and fluffy fabric%rbuns、 this cushion will make your belly%rgrowl while your cats meow.,This big burger looks better than it%rtastes、 unless you like the taste of%rfelt covered in cat hair.,見てるだけでお腹が鳴りそう！%rふわっふわバンズの%rハンバーガークッション,具はフェルト素材を使用%r残念だけど食べられない
126,Doughnut Tunnel,ドーナツトンネル,2,0,1,5,111,109,115,115,115,0,"[30, 0, 20, 0, 0, 0, 0, 0, 0, 0, 0, 30, 50, 0]",This giant piece of junkfood is actually%ran excellent source of exercise.,Your cats will go gaga over the doughnut%rtunnel's insides; you'll love the doughnut%rpattern on the outside. Win-win!,斬新！ドーナツ型トンネル%r遊び心地は見た目の可愛さ以上,筒の部分よりも%rドーナツの穴の部分が%r気になってしょうがない
127,Cowboy Hat,ウエスタンハット,2,0,0,9,160,158,182,183,182,1,"[0, 50, 0, 0, 20, 0, 0, 0, 0, 0, 0, 50, 0, 0]",This relic of the Wild West will shade%ryour cat's eyes on the range.,A wire inside this hat's felt fabric holds%rits shape even after it's washed.,眩しい日差しから%rねこたちを守ってくれる%rにくいやつ,フェルト素材使用したハット%rワイヤーが入ってるので%r洗っても型崩れしない
128,Sunken Fireplace,取付け囲炉裏,2,0,1,8,184,182,209,209,209,0,"[0, -50, 0, 50, 50, 0, 0, 50, 0, 0, 0, 0, 0, 0]",A handcrafted traditional fireplace%rfrom bygone days before central heat.,A traditional handcrafted fireplace.%r[*Place in a well-ventilated area only.],熟練の技による手作り囲炉裏%r幾世代にも受け継がれる安らぎの逸品%r,本格的な伝統民芸調の囲炉裏%r煙が出るので換気を忘れずに
129,Snow Sled,雪ソリ,2,0,1,5,171,169,195,195,195,0,"[0, -50, 0, 50, 0, 50, 0, 0, 20, 0, 0, 0, 0, 0]",A plastic sled for daring downhill%radventures. Fun for the whole family!,A winter sled for people who like%rgoing downhill fast. Perhaps cats will%renjoy it、 too.,みんなで楽しく雪すべり！%r雪遊びの定番です,プラスチックでできた%rねこも楽しめる遊具用のソリ
130,Gift Box (Red),ギフトボックス(赤),1,0,0,3,17,14,14,14,14,0,"[0, 0, 0, 50, 50, 0, 0, 0, 0, 20, 0, 0, 20, 0]",This beautifully wrapped box%roverflows with holiday cheer.,An opened gift box with its wrapping%rpaper miraculously intact.,空のはずなのに%rあるだけで嬉しくなってしまう%r綺麗な包みの箱,なんだか捨てられずにいる%r開封済みのギフトボックス
131,Rice Kettle,羽つき釜炊き,2,0,0,9,159,157,181,179,180,0,"[0, 0, 20, 50, 0, 0, 0, 30, 0, 0, 0, 0, 0, 0]","Not your typical rice cooker.%rThis traditional ""winged"" kettle is%rthe product of a foody craftsman. ","This heavy ""winged"" kettle cooks rice%rthe way grandma used to make it:%rcrunchy on the bottom.",職人による技ありの一品%r昔ながらのふっくら美味しい%rご飯が味わえます,美味しいご飯とおこげを%r堪能できる羽付き釜%r重いのがやや難点
132,Hot-Water Bottle,ゆたんぽ,2,0,0,8,189,187,214,214,214,0,"[0, -50, 0, 50, 50, 0, 0, 0, 0, 0, 0, 0, 0, 0]",This therapeutic bottle retains heat for%rhours. The perfect portable hot spot%rfor the dead of winter.,Heat your seat in the winter or%rbeat the heat in the summer%rwith this versatile bottle.,寒い日には手放せない！%r適度な温度を長時間キープ%r省エネでとってもエコ,冬場はもちろん、夏場には%r水枕にも使えてしまう%r便利アイテム
133,Fluffy Bed (White),ふんわりベッド(白),1,0,0,4,30,27,28,28,28,0,"[0, -50, 30, 50, 20, 0, 0, 0, 20, 20, 30, 0, 0, 20]",After a hard day of sleep and play、%rcats can unwind in this plush bed、%ravailable in white.,A fluffy bed for the exclusive use%rof cats. In bright white.,ねこのご機嫌間違い無しの%r癒しのくつろぎスペース%r清潔感のあるホワイト,ふんわりやわらかな%rねこ専用ベッド%r清潔なホワイト
134,Fluffy Bed (Pink),ふんわりベッド(桃),1,0,0,4,31,28,29,29,29,0,"[0, -50, 30, 50, 20, 0, 0, 0, 20, 20, 30, 0, 20, 20]",After a hard day of sleep and play、%rcats can decompress in this plush bed、%ravailable in pink.,A fluffy bed for the exclusive use%rof cats. Adorably pink.,ねこのご機嫌間違い無しの%r癒しのくつろぎスペース%rかわいらしいピンク,ふんわりやわらかな%rねこ専用ベッド%rかわいいピンク
135,Fluffy Bed (Brown),ふんわりベッド(茶),1,0,0,4,32,29,30,30,30,0,"[0, -50, 30, 50, 20, 0, 0, 0, 20, 20, 30, 0, 0, 20]",After a hard day of sleep and play、%rcats can chillax in this plush bed、%ravailable in brown.,A fluffy bed for the exclusive use%rof cats. Calmingly brown.,ねこのご機嫌間違い無しの%r癒しのくつろぎスペース%r安心感のあるブラウン,ふんわりやわらかな%rねこ専用ベッド%r落ち着くブラウン
136,Arabesque Blanket,唐草柄毛布,1,0,0,4,213,211,239,240,239,1,"[0, -50, 20, 50, 20, 0, 0, 30, 0, 0, 0, 0, 0, 0]",A stylish blanket with a Middle-Eastern%rdesign. Essential on chilly winter days.,You kinda regret turning this cozy%rblanket over to the cats.,手軽にあったか%r寒い日も心地よく快適に%r過ごせる粋な唐草柄毛布,気づいたらねこ専用に%rなってしまった使い込んだ毛布
137,Cozy Blanket (Red),あったか毛布(赤),1,0,0,4,212,210,237,238,237,1,"[0, -50, 20, 50, 20, 0, 0, 0, 20, 0, 0, 0, 0, 20]",A simple red blanket that keeps the%rcold at bay on chilly winter days.,A blanket for humans that became a%rblanket for cats before you knew it.,手軽にあったか%r寒い日も心地よく快適に%r過ごせる赤色の毛布,気づいたらねこ専用に%rなってしまった使い込んだ毛布
138,Cozy Blanket (Yellow),あったか毛布(黄),1,0,0,4,214,212,241,242,241,1,"[0, -50, 20, 50, 20, 0, 0, 0, 20, 0, 0, 0, 0, 20]",A simple yellow blanket that keeps the%rcold at bay on chilly winter days.,A warm blanket turned over to%rthe kitty cause.,手軽にあったか%r寒い日も心地よく快適に%r過ごせる黄色の毛布,気づいたらねこ専用に%rなってしまった使い込んだ毛布
139,Snowy Pillow,しらゆき座布団,1,0,0,7,88,86,93,93,93,0,"[0, 0, 0, 50, 20, 0, 0, 50, 0, 0, 0, 0, 0, 0]",You'll want to reach out and touch%rthe silk cover of this winter-themed%rpillow.,You could swear this elegant pillow%rsends a chill through the room.,絹のさらさらとした触り心地%r冬柄の座布団,粉雪柄が儚く奥ゆかしい%r置くだけで冬を感じられる座布団
140,Lacquered Bowl,漆塗り高級お碗,2,0,0,9,177,175,201,202,201,0,"[0, 0, 20, 50, 0, 0, 0, 50, 0, 0, 0, 0, 0, 0]",A fine lacquered bowl with a%rtimeless style (i.e.、 class that lasts).,An extra-large、 extra-fancy lacquered%rbowl that just happens to be the%rperfect size for a cat.,選び抜いた素材でのみ作られた%r最高級の漆塗りお碗%r末永くご利用いただけます,ねこも入れちゃう大きさの%r特大漆塗りの高級お碗
141,Colorful Sock,カラフルくつした,1,0,0,8,201,199,227,228,227,0,"[0, -50, 0, 50, 0, 0, 0, 0, 20, 0, 0, 0, 0, 20]",Fluffy fleece footwear that will%rfill any cat with holiday cheer.,Four out of five cats agree:%r'Tis the season for fleece footwear.,ふんわりやわらか素材を使用%r足先まであったか%r伸縮性の高いフリーサイズ,よく伸び縮みする素材の%rもこもこのくつした%rムードのあるウィンターカラー
142,Lucky Cushion,クローバークッション,1,0,0,4,84,82,89,89,89,0,"[50, 0, 20, 0, 20, 0, 0, 0, 20, 0, 0, 0, 0, 20]",Add a dash of fun to your decor with this%rcushion shaped like a four-leaf clover.,Cats can't resist curling up%rin this cushion's fluffy folds.,カジュアルに可愛らしく%r幸せを運んでくれる%r四つ葉のクローバークッション,ふんわり安らげる癒しのクッション%rとってもハッピーな寝心地
143,Royal Bed,ゴージャスベッド,1,0,0,4,33,30,31,31,31,0,"[0, -50, 30, 50, 20, 0, 0, 0, 0, 30, 0, 0, 0, 0]",A gilded、 handcrafted、 finely upholstered bed%rfit for catnaps in the lap of luxury.,This bed is clearly the masterwork of%ra craftsman at the peak of their talent.%rFit more for a king than a kitty.,至上最高級の寝心地をご自宅で%r極上の眠りをお約束いたします,職人の粋を極めた%r世界最高品質のねこベッド%r正にねこに小判！
144,Stump House,切り株ハウス,1,0,0,4,195,193,220,220,220,0,"[0, -50, 20, 20, 0, 20, 0, 0, 20, 0, 0, 20, 0, 0]",Bring the outdoors indoors with this%rsmall but sturdy stump.,Made of cloth wrapped around a sturdy frame、%rthis stump is tough to topple.,気分は森の中？%r木の風合いをコンパクトに再現,切り株テイストの布製ハウス%r骨組みがしっかりしていて%r倒れにくい
145,Biscuit Mat,ビスケットマット,1,0,0,4,36,33,34,34,34,0,"[30, 0, 0, 0, 20, 0, 0, 0, 0, 0, 0, 0, 50, 0]",A mat that looks fresh from the oven.%rIt should keep your cats toasty.,Your cats leave quite an impression%rin this cushion's memory foam.,甘い香りが漂ってきそうな%rこんがり二度焼き風マット,こんがりした見た目に反して%rフィット感のある低反発ウレタンを使用
146,Plum Cushion (Red),ウメクッション（紅）,1,0,0,4,81,79,86,86,86,0,"[50, 0, 20, 0, 20, 0, 0, 30, 0, 20, 0, 0, 0, 0]",Spring is in the air with this cute cushion%rshaped like an awesome plum blossom%rin deep crimson.,Style springs eternal with this plush%rcushion that brightens any room.,春の訪れを告げる%rキュートな梅のもこもこクッション%r深みのある紅,程よいふかふか触感%r置くだけで一気にお部屋が華やぐ%rおしゃれなインテリアにばっちり
147,Plum Cushion (Pink),ウメクッション（桃）,1,0,0,4,82,80,87,87,87,0,"[50, 0, 20, 0, 20, 0, 0, 30, 0, 0, 0, 0, 20, 0]",Spring is in the air with this cute cushion%rshaped like an awesome plum blossom%rin elegant pink.,Style springs eternal with this plush%rcushion that brightens any room.,春の訪れを告げる%rキュートな梅のもこもこクッション%rはんなりとした桃色,程よいふかふか触感%r置くだけで一気にお部屋が華やぐ%rおしゃれなインテリアにばっちり
148,Plum Cushion (White),ウメクッション（白）,1,0,0,4,83,81,88,88,88,0,"[50, 0, 20, 0, 20, 0, 0, 30, 0, 0, 0, 0, 0, 0]",Spring is in the air with this cute cushion%rshaped like an awesome plum blossom%rin tranquil white.,Style springs eternal with this plush%rcushion that brightens any room.,春の訪れを告げる%rキュートな梅のもこもこクッション%r情趣あふれる白色,程よいふかふか触感%r置くだけで一気にお部屋が華やぐ%rおしゃれなインテリアにばっちり
149,Pancake Cushion,ケーキクッション,1,0,0,4,70,68,71,72,71,1,"[20, -50, 20, 30, 20, 0, 0, 0, 0, 0, 0, 20, 50, 0]",This shortstack cushion will have your cats%rdreaming about breakfast in bed.%rNo wonder it's selling like hotcakes!,Your belly rumbles whenever you see%rthis stack of cushions.%r[*Applying syrup voids warranty.],本物そっくり%rふっくら綺麗な焼き色の%rホットケーキクッション,ふっくら沈み込む肌触り%r出来の良さに思わずじゅるり
150,Fairy-tale Parasol,メルヘンパラソル,1,0,1,10,210,208,235,235,235,0,"[30, 20, 20, -50, 0, 50, 0, 0, 0, 0, 0, 0, 50, 0]",The frilly fringes of this parasol add%ra touch of class. For kitties from%rthe upper crust of the feline world.,This dainty parasol transforms your yard%rinto a kitty cotillion.,フリルが乙女チック%r可愛らしいお茶会を演出してくれます,フリル使いが可愛らしい%r乙女心をくすぐるパラソル
151,Tower of Treats,ビッグスイーツタワー,1,0,1,5,109,107,113,113,113,0,"[30, 0, 20, 0, 0, 0, 0, 0, 0, 0, 0, 0, 50, 0]",This towering display of sweets is the%rperfect prop for proper English high tea.,It's tea time all the time with this%rtiered platter that's perfect for%ryour sweetest snuggle-muffins.,豪華で美味しそうな%rケーキスタンドにそっくりなタワー%rティータイムのイメージにぴったり,甘めなテイストのガーリーなタワー%r優雅にティーパーティー気分が味わえる
152,Choco Cornet Tunnel,チョココロネトンネル,2,0,0,5,112,110,116,116,116,0,"[30, 0, 20, 0, 0, 0, 0, 0, 0, 0, 0, 30, 50, 0]",Cats will get lost in the scrumptious%rcenter of this tunnel of fluff%rinspired by a Japanese treat.,You'll find cats、 not chocolate、 at the%rgooey center of this treat-shaped tunnel.,くるくるかわいいチョココロネ%rパンそっくりなふかふか生地に包まれる%r甘い一時をお楽しみください,チョコじゃなくて%rねこがつまる仕様のトンネル
153,Fluff-thing Teaser,綿毛じゃらし,2,0,0,6,136,134,154,155,154,0,"[20, 0, 20, 0, 0, 20, 0, 0, 0, 0, 0, 20, 0, 20]",A ball of fluff that inspires playful strikes.%rYour cat will never get bored of this thing!,Tease your cat into a frenzy for hours%rwith this great ball of fluffy stuff.,何度も手が出る癒しのフワモフ毛玉%r飽きがこずいつまでも遊んでいられる,わた毛部分は柔らかい毛玉で%r後片付けの心配なし
154,Honey Pot,蜂蜜壷,2,0,0,9,173,171,197,197,197,0,"[0, 20, 20, 0, 0, 20, 0, 20, 20, 0, 0, 0, 30, 0]",The inside of this jar keeps a constant%rtemperature for storing sweet things:%re.g.、 honey and snoozing cats.,This jar's glazed-honey design appeals to%rkitty collectors who also collect kitsch.,中の温度を一定に保ってくれる%r蜂蜜の保存にぴったり！,蜂蜜が入ってそうな%rそれっぽい感じのつぼ%rどことなくポップなつくり
155,Cream-puff House,シューハウス,2,0,0,9,97,95,101,101,101,0,"[0, 20, 20, 0, 20, 0, 0, 0, 0, 0, 0, 20, 50, 0]",A deluxe kitty casa that looks like%ra sweet place to sleep.,Made of thick but lightweight material、%rthis house is the perfect snuggly hideaway.,もこもこのシュー生地をリアルに再現%rこだわりのプレミアムな仕上がり,軽量だけども厚みのある材質%r少し隠れられて閉塞感がちょうど良い
156,Manta Gel Mat,マンタマット,1,0,0,7,101,99,105,105,105,0,"[0, 50, 0, -50, 50, 0, 0, 0, 0, 20, 0, 0, 0, 0]",Relax with your carefree ocean companion!%rA gel mat cool and comfy%rperfect for the summer!,A cushion-like gel mat with the just-right%rcool temperature.%rDo not release into the ocean.,海の仲間に連れられて%rゆらゆらのんびり%rひんやり快適なジェルマット！,適度にひんやり%rクッション性のあるジェルマット
157,Mister Penguin,ぺんぎんクッション,1,0,0,4,71,69,73,73,73,0,"[0, 50, 0, -50, 20, 0, 0, 0, 0, 20, 0, 0, 0, 0]",Mister Penguin's outstanding presence cannot%rgo unnoticed! It's really soft and%ralso smooth to the touch.,A penguin-shaped bean bag.%rThe surface is very smooth.,存在感抜群のペンギンクッション%rさらりと優しい肌触り,ペンギンモチーフのビーズクッション%rさわり心地はとってもさらさら
158,Aluminium Bowl,アルミボウル,1,0,0,7,153,151,172,172,172,0,"[0, 50, 0, -50, 50, 0, 0, 0, 0, 20, 0, 0, 0, 0]",A bowl that provides long-lasting coolness%rand dissipates heat.,A bowl with perfect roundness for cats to%rsleep inside. It might heat up quickly if you%rleft it in the sun.,ひんやりが長続きする%r放熱効果の高いアルミボウル,寝るのにちょうどよい丸さの%rアルミボウル%r日の当たる場所は熱そう
159,Grass Cushion (Red),い草座布団（赤）,1,0,0,4,56,54,56,56,56,0,"[0, 50, 20, 0, 20, 0, 30, 30, 0, 0, 0, 0, 0, 0]",Cushion woven with dried domestic%rrush-grass decorated with stylish chic red.,It retains its freshness and soft touch%reven on hot and humid days.,純国産のい草を織り上げた%rお座布団%r小粋な赤,和の風情ただよう%rい草の座布団%r暑い日にも爽やかな肌触り
160,Grass Cushion (Navy),い草座布団（紺）,1,0,0,4,57,55,57,57,57,0,"[0, 50, 20, 0, 20, 0, 30, 30, 0, 0, 0, 0, 0, 0]",Cushion woven with dried domestic%rrush-grass decorated with elegant navy blue.,It retains its freshness and soft touch%reven on hot and humid days.,純国産のい草を織り上げた%rお座布団%r風雅な紺,和の風情ただよう%rい草の座布団%r暑い日にも爽やかな肌触り
161,Treasure-box,トレジャーボックス,1,0,0,3,179,177,204,204,204,0,"[50, 0, 20, 0, 20, 0, 30, 0, 0, 0, 0, 20, 0, 0]",A brown cardboard box that may arouse%ryour curiosity.%rCan be stuffed with various items.,You might feel like you want to keep this box%rhidden somewhere.,好奇心をくすぐる茶色い箱%rおさめるものは十人十色,どこかにひっそりと隠しておきたい箱
162,Luxury Treasure-box,ジュエルボックス,1,0,0,3,180,178,205,205,205,0,"[50, 0, 20, 0, 20, 0, 30, 0, 0, 0, 0, 20, 0, 0]",A crimson box with mysterious aura.%rPerfect for storing your most%rtreasured belongings.,It might be exciting to discover this box.%rLet's go on a treasure-hunting adventure!,不思議なオーラの赤い箱%r大事な物の保管に最適,見つけて心が高鳴る箱%r冒険心がためされそう
163,Beach Ball,ビーチボール,1,0,0,2,4,1,1,1,1,0,"[0, 50, 0, -50, 0, 0, 0, 0, 0, 0, 0, 0, 0, 0]",A perfect choice for playing at the beach!%rA ball with a colorful pattern.%rAlso great for indoor use.,A must-bring on a trip to the beach!%rIt looks delicate but it's actually%rrather solid.,浜辺での遊びにぴったり！%rカラフルな模様のボール%r室内でも楽しめます,浜辺遊びの定番のボール%r繊細なようでいて意外と丈夫
164,Dino Deluxe,ザウルスデラックス,1,0,1,3,149,147,168,168,168,0,"[20, 0, 20, 0, 0, 0, 0, 0, 15, 0, 0, 15, 0, 0]",Cats versus Dinosaur!?%rCan the cats scratch Dino off the list?%rStay tuned for the next confrontation!,A dinosaur-shaped scratching post%rthat can be scratched cross-section.%rSturdy enough to be rested on.,ダンボール職人第四弾！%r今回のダンボールはねこVS恐竜！？%r異色の対決に乞うご期待！,断面をガリガリできる%r大きな恐竜の形をした爪とぎ%r疲れたらちょっと休憩
165,Shell Tunnel (Pink),やどかりトンネル(桃),2,0,0,5,116,114,120,120,120,0,"[20, 0, 20, 0, 0, 0, 0, 0, 20, 0, 0, 0, 0, 0]",It's a hermit cr... cat?%rMarine styled spiral shell tunnel.%rIts pink color makes your heart flutter.,A spiral shell shaped tunnel with barely%renough space to settle in.,ひそむ姿はまるでやどかり？%rマリンスタイルな巻き貝のトンネル%rときめく桃色,中にみっちり詰まれる%r貝殻を象ったトンネル
166,Shell Tunnel (Blue),やどかりトンネル(青),2,0,0,5,117,115,121,121,121,0,"[20, 0, 20, 0, 0, 0, 0, 0, 20, 0, 0, 0, 0, 0]",It's a hermit cr... cat?%rMarine styled spiral shell tunnel.%rFeaturing shiny blue color.,A spiral shell shaped tunnel with barely%renough space to settle in.,ひそむ姿はまるでやどかり？%rマリンスタイルな巻き貝のトンネル%rかがやく青色,中にみっちり詰まれる%r貝殻を象ったトンネル
167,Shell Tunnel (White),やどかりトンネル(白),2,0,0,5,118,116,122,122,122,0,"[20, 0, 20, 0, 0, 0, 0, 0, 20, 0, 0, 0, 0, 0]",It's a hermit cr... cat?%rMarine styled spiral shell tunnel.%rCharming white-beige combination.,A spiral shell shaped tunnel with barely%renough space to settle in.,ひそむ姿はまるでやどかり？%rマリンスタイルな巻き貝のトンネル%rつやめく白色,中にみっちり詰まれる%r貝殻を象ったトンネル
168,Egg Bed (White),たまごベッド(ﾎﾜｲﾄ),1,0,0,10,40,37,39,39,39,1,"[20, -50, 20, 50, 20, 0, 0, 0, 20, 30, 0, 0, 0, 20]",A stylishly designed egg-shaped bed.%rA cat would be a great addition to it.,The design is kept simple yet unique.%r Its ventilation is not the best but it%r feels slightly chilly inside.,デザイン性を追求したたまご型ベッド%r一歩踏み込んだベッドで%rねこを彩ってみてはいかがでしょう,シンプルでありながら独特の存在感%r通気性は低いが少しひんやりする
169,Egg Bed (Black),たまごベッド(ﾌﾞﾗｯｸ),1,0,0,11,41,38,40,40,40,2,"[20, -50, 20, 50, 20, 0, 0, 0, 20, 30, 0, 0, 0, 20]",A stylishly designed egg-shaped bed.%rA cat would be a great addition to it.,It's black colored with modern chic design.%rThe bottom is weighted to make %rit stable.,デザイン性を追求したたまご型ベッド%r一歩踏み込んだベッドで%rねこを彩ってみてはいかがでしょう,黒色ベースのモダンなデザイン%r底面が重くなっていて安定性はある
170,Egg Bed (Pink),たまごベッド(ﾋﾟﾝｸ),1,0,0,12,42,40,42,42,42,3,"[20, -50, 20, 50, 20, 0, 0, 0, 20, 30, 0, 0, 0, 20]",A stylishly designed egg-shaped bed.%rA cat would be a great addition to it.,A soft-pink colored egg-shaped bed.%rThe cushion is dented in the middle to %rfit a cat in perfectly.,デザイン性を追求したたまご型ベッド%r一歩踏み込んだベッドで%rねこを彩ってみてはいかがでしょう,柔らかいピンク色のたまごベッド%rクッション部分が中心にむかって%rへこんでいるためフィット感アップ
172,Mushroom House,きのこハウス,1,0,0,14,207,205,232,232,232,5,"[0, -50, 50, 0, 0, 20, 0, 0, 20, 0, 0, 0, 20, 0]",It's as if a mushroom is growing in your room.%rA fluffy bed-house for cats.%rThe inside is made of pure organic cotton.,The material maintains the warmth inside.%rIt's sturdy so it wont collapse if%ra cat climbs onto it. Hopefully.,まるでお部屋にキノコが生えたような%rねこ用ゆるふわベッド・ハウス%r内側にはオーガニックコットン使用,保温性があり中がほかほかする%rしっかりした作りになっていて%r上にねこが乗っても大丈夫　多分
173,Shiitake House,しいたけハウス,1,0,0,15,208,206,233,233,233,6,"[0, -50, 50, 0, 0, 20, 0, 0, 20, 0, 0, 0, 20, 0]",It's as if a mushroom is growing in your room.%rA fluffy bed-house for cats.%rThe inside is made of pure organic cotton.,The material maintains the warmth inside.%rIt's elastic、 so it should be okay if%rit collapses just a bit. Maybe.,まるでお部屋にしいたけが生えたような%rねこ用ゆるふわベッド・ハウス%r内側にはオーガニックコットン使用,保温性があり中がほかほかする%r弾力性もあるため少しくらいなら%r潰れても大丈夫　多分
174,Shroom House (Red),きのこクッション(赤),1,0,0,4,60,58,60,60,60,0,"[50, 0, 20, 0, 0, 20, 0, 0, 0, 0, 0, 0, 20, 0]",Starting mushroom cultivation%rin your own house?%rIt's a squishy mushroom shaped cushion.,A squishy cushion inspired by mushrooms.%rPlumpy warm red.,お家のなかできのこを栽培？%rむぎゅっと弾力のある%rきのこ型のクッション%r,きのこをモチーフにした%r柔らかな弾力のクッション%rふっくら ぬくもりの赤%r
175,Shroom House (Blue),きのこクッション(青),1,0,0,4,61,59,61,61,61,0,"[50, 0, 20, 0, 0, 20, 0, 0, 0, 0, 0, 0, 20, 0]",Starting mushroom cultivation%rin your own house?%rIt's a squishy mushroom shaped cushion.,A squishy cushion inspired by mushrooms.%rFluffy relaxing blue.,お家のなかできのこを栽培？%rむぎゅっと弾力のある%rきのこ型のクッション%r,きのこをモチーフにした%r柔らかな弾力のクッション%rふんわり やすらぎの青%r
176,Shroom House (Green),きのこクッション(緑),1,0,0,4,62,60,62,62,62,0,"[50, 0, 20, 0, 0, 20, 0, 0, 0, 0, 0, 0, 20, 0]",Starting mushroom cultivation%rin your own house?%rIt's a squishy mushroom shaped cushion.,A squishy cushion inspired by mushrooms.%rSoft refreshing green.,お家のなかできのこを栽培？%rむぎゅっと弾力のある%rきのこ型のクッション%r,きのこをモチーフにした%r柔らかな弾力のクッション%rふかふか くつろぎの緑%r
177,Athletic Cat-Gym,アスレチックジム,1,0,1,5,107,105,111,111,111,0,"[20, 0, 20, 0, 0, 10, 0, 0, 0, 0, 0, 0, 0, 0]",A prefabricated pipe gym for cats.%rIncludes cozy spaces perfect for%r post-workout catnaps.,A portable ready-to-assemble Cat-Gym.%rThe cloth is made of firm fabric material%rso the cats can play at ease.,パイプタイプの組み立て式キャットジム%r遊び疲れたあとにはお昼寝スペースにも%rうってつけ,持ち運びに便利な組み立て式ジム%r生地はしっかりした布製の材質で%r安心して遊んでいられる%r
178,Round Kotatsu,まるこたつ,2,0,1,8,186,184,211,211,211,0,"[0, -50, 0, 50, 50, 0, 30, 30, 0, 0, 0, 0, 0, 0]",A round-shaped kotatsu.%rIt warms up quickly with%ra heater fan and an inner blanket.,The blanket is thin、 but it still%rretains heat well.%rTaller table-legs enable easier entry.,円形天板のこたつ%r中掛け毛布と温風ファンで%rすぐにあったか,掛け布団が少し薄手だけど%r保温性に問題なし%r足が少し長めで入りやすい
179,Plum Coccoon,プラムコクーン,1,0,0,4,92,90,97,98,99,0,"[20, 0, 50, 0, 20, 0, 30, 30, 0, 0, 0, 0, 0, 0]",A coccoon-shaped bed made of%rplenty of wool felt.%rAvailable in rich plum pink.,It's so soft it'll be squished easily.%rYou'll need skill and luck to%rbe able to slip in completely.,ウールフェルトをふんだんに使用した%rワンランク上のコクーン型ベッド%r色鮮やかなプラムカラー,柔らかく足で押しつぶしてしまう%rすっぽりと入るためには%r技術と運が必要
180,Orange Coccoon,オレンジコクーン,1,0,0,4,93,91,97,98,99,0,"[20, 0, 50, 0, 20, 0, 30, 30, 0, 0, 0, 0, 0, 0]",A coccoon-shaped bed made of%rplenty of wool felt.%rAvailable in refreshing orange color.,It's so soft it'll be squished easily.%rYou'll need skill and luck to%rbe able to slip in completely.,ウールフェルトをふんだんに使用した%rワンランク上のコクーン型ベッド%rフレッシュなオレンジカラー,柔らかく足で押しつぶしてしまう%rすっぽりと入るためには%r技術と運が必要
181,Melon Coccoon,メロンコクーン,1,0,0,4,94,92,97,98,99,0,"[20, 0, 50, 0, 20, 0, 30, 30, 0, 0, 0, 0, 0, 0]",A coccoon-shaped bed made of%rplenty of wool felt.%rAvailable in gentle melon green.,It's so soft it'll be squished easily.%rYou'll need skill and luck to%rbe able to slip in completely.,ウールフェルトをふんだんに使用した%rワンランク上のコクーン型ベッド%rやさしいメロンカラー,柔らかく足で押しつぶしてしまう%rすっぽりと入るためには%r技術と運が必要
182,Berry Coccoon,ベリーコクーン,1,0,0,4,95,93,97,98,99,0,"[20, 0, 50, 0, 20, 0, 30, 30, 0, 0, 0, 0, 0, 0]",A coccoon-shaped bed made of%rplenty of wool felt.%rAvailable in elegant berry purple.,It's so soft it'll be squished easily.%rYou'll need skill and luck to%rbe able to slip in completely.,ウールフェルトをふんだんに使用した%rワンランク上のコクーン型ベッド%r上品なベリーカラー,柔らかく足で押しつぶしてしまう%rすっぽりと入るためには%r技術と運が必要
183,Antique Chair,アンティークチェア,1,0,1,10,38,35,37,37,37,0,"[0, 30, 20, -50, 0, 20, 0, 0, 20, 30, 0, 0, 0, 0]",A calming deep-green colored noble armchair.%rIts old-fashioned design gives off%ran antique vibe.,An old aged armchair.%rA seat for one should offer more than%renough space for cats to relax on.,鶯の羽のように深い色合いの%rノーブルなアームチェア%r歳月を経た奥深さが魅力的,年代物のアームのついたチェア%rひとり掛け用のシートでも%rねこなら広々くつろぐことが可能
184,Snow Dome,スノードーム,2,0,0,9,170,168,194,194,194,0,"[0, 50, 0, -50, 50, 0, 0, 0, 30, 20, 0, 0, 0, 0]",The falling white snow decorates%rthe inside of this beautiful dome.%rIt invites your heart into a silvery world.,The soft snow swaying makes it%rstrangely seem cold inside.,ドームの中の白い雪と白い鳥が%rあなたの心を白銀の世界へ誘います,ふわふわした雪がゆらゆら%r不思議と寒そうに見えない
185,Scouting mission,偵察任務,2,0,0,9,97,95,101,101,101,0,"[0, 20, 20, 0, 20, 0, 0, 0, 0, 0, 0, 20, 50, 0]",Scouting mission,Scouting mission,偵察任務,偵察任務
186,Espionage activity,隠密行動,2,0,0,9,97,95,101,101,101,0,"[0, 20, 20, 0, 20, 0, 0, 0, 0, 0, 0, 20, 50, 0]",Espionage activity,Espionage activity,偵察任務,偵察任務
187,Cardboard (Flat),ダンボール(平),1,0,0,3,22,19,19,19,19,0,"[50, -50, 0, 0, 20, 0, 30, 0, 0, 0, 0, 20, 0, 0]",A mysteriously charming flat cardboard.,They get fidgety just by looking at it.%rAre they waiting for it to%rbe assembled?,謎の多い不思議な魅力の平らな箱,ダンボールがあるだけで そわそわ%rもしかして組み立て待ち？
188,Cushion (Lemon),クッション(ﾚﾓﾝ),1,0,0,4,64,62,64,64,64,0,"[50, 0, 20, 0, 20, 0, 20, 0, 30, 0, 30, 0, 0, 20]",A citrusy smell seems to waft from it.%rFreshly picked lemon、 served just for you!,A fluffy cushion inspired by cut fruit.%rCombine it with orange for a%rfresh citrus theme!,甘酸っぱい匂いが漂ってきそう！%rフレッシュなとれたてレモンを%rめしあがれ,フルーツ柄の輪切りクッション%rオレンジとペアで柑橘コーデの%rできあがり
189,Cushion (Orange),クッション(ｵﾚﾝｼﾞ),1,0,0,4,69,67,70,70,70,0,"[50, 0, 20, 0, 20, 0, 20, 0, 30, 0, 30, 0, 0, 20]",A citrusy smell seems to waft from it.%rJuicy refreshing orange、 served just for you!,A fluffy cushion inspired by cut fruit.%rCombine it with lemon for a%rfresh citrus theme!,甘酸っぱい匂いが漂ってきそう！%rジューシーなもぎたてオレンジを%rめしあがれ,フルーツ柄の輪切りクッション%rレモンとペアで柑橘コーデの%rできあがり
190,Grass Cushion (Green),い草座布団（緑）,1,0,0,4,58,56,58,58,58,0,"[0, 50, 20, 0, 20, 0, 30, 30, 0, 0, 0, 0, 0, 0]",Cushion woven with dried domestic%rrush-grass decorated with calming green color.,It retains its freshness and soft touch%reven on hot and humid days.,純国産のい草を織り上げた%rお座布団%r落ち着いた趣の緑,和の風情ただよう%rい草の座布団%r暑い日にも爽やかな肌触り
191,Grass Cushion (Purple),い草座布団（紫）,1,0,0,4,59,57,59,59,59,0,"[0, 50, 20, 0, 20, 0, 30, 30, 0, 0, 0, 0, 0, 0]",Cushion woven with dried domestic%rrush-grass decorated with posh、 noble violet.,It retains its freshness and soft touch%reven on hot and humid days.,純国産のい草を織り上げた%rお座布団%r気品と風格を備えた紫,和の風情ただよう%rい草の座布団%r暑い日にも爽やかな肌触り
192,Egg Bed (Nightview),たまごベッド(夜),1,0,0,12,43,41,43,43,43,3,"[20, -50, 20, 50, 20, 0, 0, 0, 20, 30, 0, 0, 0, 20]",Romantic view of the night sky decorated by%rtwinkling stars. Tucked in a soft fluffy bed、%ra sweet dream is guaranteed.,A calming scene of the moonlight adorning%ra tranquil night.%rAnother sweet dream awaits again tonight.,夜空に輝く星がロマンチック%rふかふかクッションに包まれて%rまったり夢見心地,夜の静けさと月明かりがテーマの%rたまご型ベッド%r今夜も良い夢がみられそう
193,White Head Space,ドーム型ホワイト,1,0,0,4,48,46,48,48,48,0,"[20, -50, 20, 50, 20, 0, 30, 0, 20, 30, 30, 0, 0, 20]",Give your feline some me time in this%rstylish cushion shaped like a cat's%rcabeza. Featured in sweet pastel white.,A fluffy white-based、 head-shaped%rcushion that creates the perfect private%rspace for a catnap.,大きな口におしゃれな耳%rほどよいサイズのマイスペース%r甘すぎないガーリーカラー,ふんわりとした白ベースの%r屋根のついたクッション%r適度な暗さがお昼寝にピッタリ
194,Aluminium Pot,アルミポット,1,0,0,7,154,152,173,174,173,0,"[0, 50, 0, -50, 50, 0, 0, 0, 0, 20, 0, 0, 0, 0]",Slip inside to cool down!%rQuality aluminium series; pot type now available!,A pot made of aluminium. They fits、 they sits.%rIt might heat up quickly if you%rleft it in the sun.,もぐり込んで全身ひんやり%r高機能のアルミグッズに%rポットタイプが登場！,すっぽりおさまれる%rアルミ製の壺%r日の当たる場所は熱そう
195,Cushion (Choco mint),クッション(ﾁｮｺﾐﾝﾄ),1,0,0,4,65,63,65,65,65,0,"[50, 0, 20, 0, 20, 0, 20, 0, 30, 0, 30, 0, 0, 20]",A fluffy pillow made of special%rmaterial that repels cat hair.%rNow available in mint-chocolate flavor.,A lovely bicolor cushion%rmade of fluffy、 soft material.,ふんわりくっしょん%rぬけ毛がからまない生地を採用%rチョコミントカラーの組み合わせ,かわいいツートンのクッション%rふんわりとした座り心地
196,Cushion (B&W),クッション(ﾓﾉﾄｰﾝ),1,0,0,4,67,65,67,67,67,0,"[50, 0, 20, 0, 20, 0, 20, 0, 30, 0, 30, 0, 0, 20]",A fluffy pillow made of special%rmaterial that repels cat hair.%rNow available in black-white combination.,A chic two-toned cushion%rmade of fluffy、 soft material.,ふんわりくっしょん%rぬけ毛がからまない生地を採用%rモノトーンカラーの組み合わせ,かっこいいツートンのクッション%rふんわりとした座り心地
197,Kokeshi Pot (Blossom),壷こけし(花),2,0,0,9,164,162,187,187,187,0,"[20, 0, 20, 0, 0, 20, 30, 0, 20, 0, 0, 0, 0, 0]",A stunning piece crafted with%rcentury-old traditional method.%rIt emits a sort of flowery warmth.,A brightly colored ceramic pot.%rLacks practicality、 but still%rmakes you anticipate something.,200年の伝統を持つ陶芸家が%r手がけた着物型の壷%r花のような温もりが伝わります,鮮やかな色を出した陶器の壷%r壷としての実用性は低いが%r何かを期待させてくれる壷
198,Kokeshi Pot (Flow),壷こけし(流),2,0,0,9,165,163,188,188,188,0,"[20, 0, 20, 0, 0, 20, 30, 0, 20, 0, 0, 0, 20, 0]",A stunning piece crafted with%rcentury-old traditional method.%rA classic handcrafted art.,A deep colored ceramic pot.%rThe elegant color accentuates%rits value when placed in a room.,200年の伝統を持つ陶芸家が%r手がけた着物型の壷%r昔ながらの手作りの一品,濃い色と艶を出した陶器の壷%r落ち着いた色合いで置いている%rだけでも価値があるように感じる
199,Kokeshi Pot (Spring),壷こけし(春),2,0,0,9,166,164,189,189,189,0,"[20, 0, 20, 0, 0, 20, 30, 0, 20, 0, 0, 0, 0, 0]",A stunning piece crafted with%rcentury-old traditional method.%rSoft green color　of a sprout.,A soft green colored ceramic pot.%rThe slippery inside might%rmake it hard to climb out.,200年の伝統を持つ陶芸家が%r手がけた花を感じさせる着物型の壷%r柔らかな新芽のような色合い,柔らかな緑で彩られた陶器の壷%r内側もツヤツヤにされていて%r出るのが大変かもしれない
200,Giant Cushion (White),ビッグクッション(白),1,0,0,4,35,32,33,33,33,0,"[20, 0, 20, 0, 20, 0, 0, 0, 20, 0, 0, 0, 0, 20]",A huge white cushion filled with beads. It's%rmade of static-dampening material.%r No more static electricity in winter!,This cushion is large and sturdy enough%rfor fiestas as well as siestas.,大型の白色ビーズクッション%r静電気を抑える素材なので%r冬場でもバチバチしません,大型のビーズクッション%r厚みのある布地なので%r爪が立っても大丈夫
201,Gift Box (Green),ギフトボックス(緑),1,0,0,3,18,15,15,15,15,0,"[0, 0, 0, 50, 50, 0, 0, 0, 0, 20, 0, 0, 20, 0]",A present box adorned with a cute ribbon.%rIt's empty、 but doesn't its presence%rmake you excited?,An opened gift box with its wrapping%rpaper miraculously intact.,空のはずなのに%rあるだけでドキドキしてしまう%rリボン飾りのついた箱,なんだか捨てられずにいる%r開封済みのギフトボックス
202,Pinewood Mat,松すのこ,1,0,0,4,74,72,76,76,76,0,"[0, 20, 0, 0, 0, 10, 10, 20, 0, 0, 0, 20, 0, 0]",It's water resistant and designed%rfor both indoor and outdoor use.,Lay it out、%rit keeps anything from getting damp.,水に強く丈夫な松を使用%r屋内屋外どちらでも使えます,薄い板に角材をつけた敷板%r湿気をこもらせにくい%r通常は何かに敷いて使う
203,Cypress Mat,桧すのこ,1,0,0,4,75,73,77,77,77,0,"[0, 20, 0, 0, 0, 10, 10, 20, 0, 0, 0, 20, 0, 0]",It's water resistant and designed%rfor both indoor and outdoor use.,Lay it out、%rit keeps anything from getting damp.,水に強く傷みにくい檜を使用%r屋内屋外どちらでも使えます,薄い板に角材をつけた敷板%r湿気をこもらせにくい%r通常は何かに敷いて使う
204,Iron Teapod,鉄製茶釜,2,0,0,9,158,156,178,178,178,0,"[0, 0, 0, 30, 30, 0, 10, 30, 0, 0, 0, 20, 0, 0]",A teapot from a famous region.%rThe tea brewed with this tastes extraordinary!,An old teapot with a profound feeling to it.%rIt's well maintained to prevent rust.,鋳物で有名な地域で作られた茶釜%r茶釜が湯をまろやかにし%rいつもと違ったお茶を淹れられます,重厚感のある年代物の茶釜%r急須と違い直接火にかけるらしい%r手入れされ錆もない
205,Jumbo Glass Mug,特大柄付きグラス,2,0,0,9,161,159,184,184,184,0,"[0, 30, 0, 0, 10, 0, 0, 0, 10, 20, 0, 30, 10, 10]",A big mug with a two-liter capacity.%rFeels just about right.,Doesn't seem like it'll fit in the dishwasher.,容量は脅威の２リットル超え%r特注の巨大なグラス%r丈夫で口当たりが良い,ガラスでできているので%r空っぽでも片手で持つのは大変%r食洗器には入りそうにない
206,Wooden Pail,打ち水桶,2,0,0,9,176,174,200,200,200,0,"[0, 50, 0, 0, 0, 50, 0, 40, 0, 0, 0, 0, 0, 0]",A light wooden pail for sprinkling water.%rIt comes with a ladle.,Made with cooling material that prevents dust.%rA little costly、 but for good quality!,天然サワラ製打ち水用手桶%r軽く持ちやすい%r柄杓付き,暑い日を涼しく%r乾燥した季節は砂埃予防になる%rバケツとは値段も赴きも一線を画す
207,Kashiwamochi Cushion,柏餅クッション,1,0,0,4,28,25,26,26,26,0,"[50, 0, 0, 0, 20, 0, 0, 30, 0, 0, 0, 0, 30, 0]",Kitties can't resist sinking into this%rsquishy cushion modeled after a chewy%rJapanese sweet treat.,This snack-shaped cushion is so soft、%ryour cat will think it's sinking!,柏餅とねこ！？%r白くもちもちしたクッションが%rねこちゃんを受け止めます,しっとりもちっとしたクッション%r低反発すぎて埋もれてしまう
208,Strawberry Cocoon,いちごコクーン,1,0,0,4,96,94,100,100,100,0,"[20, 0, 50, 0, 20, 0, 30, 30, 0, 0, 0, 0, 0, 0]",A cocoon-shaped bed made with%rplenty of wool felt. Looks like something%rfrom a fairy tale.,It's so soft it'll be squished easily.%rThe stem seems to be in the way、%rbut cats don't care.,ウールフェルトを使用したらしい%rコクーン型フェルトベッド%rメルヘンないちごをデザイン,柔らかく簡単にへこむ%rヘタの部分が邪魔になりそうだけど%rねこは気にしないらしい
209,Kiddy Rucksack (Pink),キッズリュック(ｻｸﾗ),2,0,0,9,138,136,157,157,157,0,"[0, 0, 20, 20, 0, 0, 30, 0, 0, 0, 0, 20, 0, 0]",Lightweight and durable、 with ventilated mesh%rfabric on the back panel. A trusty%rschool and road-trip companion!,It's much lighter than it seems.%rVery sturdy and can fit in a lot.,軽量で耐久性を重視%r背中が当たる面はメッシュで通気性も◎%r通学にも遠足などでも活躍します,見た目よりも薄手な分容量は多め%r作りはしっかりしているので%r多少雑に扱っても大丈夫そう
210,Kiddy Rucksack (Blue),キッズリュック(ｽｶｲ),2,0,0,9,139,137,158,158,158,0,"[0, 0, 20, 20, 0, 0, 30, 0, 0, 0, 0, 20, 0, 0]",Lightweight and durable、 with ventilated mesh%rfabric on the back panel. A trusty%rschool and road-trip companion!,It's much lighter than it seems.%rVery sturdy and can fit in a lot.,軽量で耐久性を重視%r背中が当たる面はメッシュで通気性も◎%r通学にも遠足などでも活躍します,見た目よりも薄手な分容量は多め%r作りはしっかりしているので%r多少雑に扱っても大丈夫そう
211,Kiddy Rucksack (Lime),キッズリュック(ﾗｲﾑ),2,0,0,9,140,138,159,159,159,0,"[0, 0, 20, 20, 0, 0, 30, 0, 0, 0, 0, 20, 0, 0]",Lightweight and durable、 with ventilated mesh%rfabric on the back panel. A trusty%rschool and road-trip companion!,It's much lighter than it seems.%rVery sturdy and can fit in a lot.,軽量で耐久性を重視%r背中が当たる面はメッシュで通気性も◎%r通学にも遠足などでも活躍します,見た目よりも薄手な分容量は多め%r作りはしっかりしているので%r多少雑に扱っても大丈夫そう
212,Bamboo House,竹筒やしき,1,0,0,4,190,188,215,215,215,0,"[0, -50, 20, 20, 20, 0, 0, 0, 0, 30, 20, 0, 0, 20]",Enjoying the view in a bamboo forest?%rA  huge carved bamboo tube、 like%ra simple bamboo mansion.,The surface has the texture of a bamboo.%rIt accumulates heat. Might not%rbe the best choice in summer.,気分は竹林の中？%r大きな竹筒をくりぬいたような%rシンプルな竹筒のお屋敷,表面が竹のような質感になっている%r熱がこもりやすそうなので%r夏場には向かないかもしれない
213,Bamboo Rocket,タケノコロケット,1,0,0,9,26,23,23,24,23,0,"[0, 20, 20, 0, 20, 0, 0, 30, 0, 0, 0, 0, 30, 0]",A feline's first mission to space?%rThis rocket is equipped with the right engines.%r To the moon!,Stubby bamboo-shoot-shaped rocket.%rThis rocket won't launch、 so sleep soundly%r and have a sweet dream.,ねこによる宇宙ミッションのための%rBBS-222エンジンを３基装備したロケット%r気持ち次第で月までだって行けそう,たけのこ型のずんぐりロケット%r実際は飛んでいくことはないので%r安心して寝ていられる
214,Chocolate Tart Bed,チョコタルトベッド,1,0,0,10,79,77,84,84,84,0,"[0, 0, 0, 0, 0, 0, 0, 0, 0, 0, 0, 0, 0, 0]",A chocolate tart-shaped bed. %rComfortable cushion and elastic cloth%r A must for chocolate lovers!,Elastic fabric with a cushion laid on%r the bottom so that it does not sink %rtoo much.,タルトデザインの快適ベッド%rチョコ部分は伸縮性の高い布に%r低反発クッションを採用,伸縮性のある生地が張られているが%r底にクッションが敷かれているので%r沈みすぎないようになっている
215,Cushion (Wood),クッション(ｳｯﾄﾞ),1,0,0,4,63,61,63,63,63,0,"[0, 0, 0, 0, 0, 0, 0, 0, 0, 0, 0, 0, 0, 0]",A fluffy pillow made of special%rmaterial that repels cat hair.%rIt gives a feeling of sleeping in the forest.,A calming wood pattern cushion made of soft、%rfluffy material.,ふんわりくっしょん%r抜け毛がからまない生地を採用%r森林浴をしているような木目,木目がプリントされたクッション%rふんわりとした座り心地
216,Kick Toy (Sea Bream),けりぐるみ(タイ),2,0,0,6,129,127,141,142,141,0,"[0, 0, 0, 0, 0, 0, 0, 0, 0, 0, 0, 0, 0, 0]",A stuffed animal that’s more fun to kick%rthan hug thanks to its long、 skinny body.,A fish-shaped toy that triggers a cat's%rbatting instincts.,ねこキック用のぬいぐるみ%r程よい形状で抱き心地%rケリごたえ抜群！,なぜか本能をくすぐられる%rちょうど良い大きさと弾力の%rお祝い事にピッタリのけりぐるみ
217,Sushi Cushion (tuna),すしクッション(鮪),1,0,0,4,78,76,82,83,82,1,"[0, 0, 0, 0, 0, 0, 0, 0, 0, 0, 0, 0, 0, 0]",Sushi Cushion Series ① Tuna%rCollect and enjoy your favorite sushi%r with your favorite topping!,You can slide between rice and %rtopping of this large sushi-shaped %rcushion. Wasabi not included!,おすしクッションシリーズ①　鮪%rもっちりシャリにお好きなネタで%r集めて楽しもう！,お寿司型の大きなクッション%r寿司ネタとの間に手が入る%rさび抜き
218,Sushi Cushion (shrimp),すしクッション(海老),1,0,0,4,76,74,78,79,78,1,"[0, 0, 0, 0, 0, 0, 0, 0, 0, 0, 0, 0, 0, 0]",Sushi Cushion Series ② Shrimp%rCollect and enjoy your favorite sushi%r with your favorite topping!,You can slide between rice and %rtopping of this large sushi-shaped %rcushion. Wasabi not included!,おすしクッションシリーズ②　海老%rもっちりシャリにお好きなネタで%r集めて楽しもう！,お寿司型の大きなクッション%r寿司ネタとの間に手が入る%rさび抜き
219,Sushi Cushion (omelet),すしクッション(玉子),1,0,0,4,77,75,80,81,80,1,"[0, 0, 0, 0, 0, 0, 0, 0, 0, 0, 0, 0, 0, 0]",Sushi Cushion Series ③ Egg%rCollect and enjoy your favorite sushi%r with your favorite topping!,You can slide between rice and %rtopping of this large sushi-shaped %rcushion.,おすしクッションシリーズ③　玉子%rもっちりシャリにお好きなネタで%r集めて楽しもう！,お寿司型の大きなクッション%r寿司ネタとの間に手が入る
220,Sashimi Boat,舟盛り,1,1,3,1,148,146,167,167,167,0,"[0, 0, 0, 0, 0, 0, 0, 0, 0, 0, 0, 0, 0, 0]",There is no doubt that it will take %rthe cats in an exciting cruise of flavor!,A plate full of sashimi that will %rdisappear fast、 as it boosts the mood%r of the cats,パーティやお祝いの席に%r会場が盛り上がること間違いなし！,沢山お刺身が敷き詰められているけど%rねこたちのテンションも上がって%rあっという間になくなっちゃいそう
221,Egg Tart Bed,エッグタルトベッド,1,0,0,10,80,78,85,85,85,0,"[0, 0, 0, 0, 0, 0, 0, 0, 0, 0, 0, 0, 0, 0]",A cute bed with tart design! Fluffy %rfabric that reminds of a hammock of %rclouds.,Elastic fabric with a cushion laid on%r the bottom so that it does not sink %rtoo much.,タルトデザインのかわいいベッド%r伸縮性の高い生地はまるで%r雲のハンモックのよう,伸縮性のある生地が張られているが%r底にクッションが敷かれているので%r沈みすぎないようになっている